index,category,directory,filename,train,object_label,scene_label
0,breaking,../data/MIT_data/training/breaking,v018_0048.mp4,train,"hand cigarette",
1,breaking,../data/MIT_data/training/breaking,v018_0099.mp4,train,wall,
2,breaking,../data/MIT_data/training/breaking,v018_0002.mp4,train,"TV hammer",
3,breaking,../data/MIT_data/training/breaking,v018_0004.mp4,train,"earth rock",
4,breaking,../data/MIT_data/training/breaking,v018_0036.mp4,train,"crane rock",
5,breaking,../data/MIT_data/training/breaking,v018_0068.mp4,train,snow,
6,breaking,../data/MIT_data/training/breaking,v018_0054.mp4,train,crane,
7,breaking,../data/MIT_data/training/breaking,v018_0090.mp4,train,"piggy-bank hammer",
8,frowning,../data/MIT_data/training/frowning,v186_0056.mp4,train,man,
9,frowning,../data/MIT_data/training/frowning,v186_0083.mp4,train,man,
10,frowning,../data/MIT_data/training/frowning,v186_0055.mp4,train,"man telephone",
11,frowning,../data/MIT_data/training/frowning,v186_0041.mp4,train,baby,
12,frowning,../data/MIT_data/training/frowning,v186_0027.mp4,train,woman,
13,frowning,../data/MIT_data/training/frowning,v186_0019.mp4,train,"woman mirror",
14,frowning,../data/MIT_data/training/frowning,v186_0001.mp4,train,woman,
15,frowning,../data/MIT_data/training/frowning,v186_0075.mp4,train,man,
16,pushing,../data/MIT_data/training/pushing,v225_0045.mp4,train,"laptop hand",
17,pushing,../data/MIT_data/training/pushing,v225_0043.mp4,train,"wheelchair man",
18,pushing,../data/MIT_data/training/pushing,v225_0056.mp4,train,,
19,pushing,../data/MIT_data/training/pushing,v225_0031.mp4,train,hand,
20,pushing,../data/MIT_data/training/pushing,v225_0015.mp4,train,"baby tricycle",
21,pushing,../data/MIT_data/training/pushing,v225_0003.mp4,train,"car road",
22,pushing,../data/MIT_data/training/pushing,v225_0075.mp4,train,"tricycle baby",
23,pushing,../data/MIT_data/training/pushing,v225_0048.mp4,train,baby,
24,reading,../data/MIT_data/training/reading,v184_0098.mp4,train,"woman girl",
25,reading,../data/MIT_data/training/reading,v184_0060.mp4,train,"woman sea",
26,reading,../data/MIT_data/training/reading,v184_0088.mp4,train,man,
27,reading,../data/MIT_data/training/reading,v184_0046.mp4,train,"woman phone",
28,reading,../data/MIT_data/training/reading,v184_0047.mp4,train,"boy book",
29,reading,../data/MIT_data/training/reading,v184_0078.mp4,train,man,
30,reading,../data/MIT_data/training/reading,v184_0054.mp4,train,woman,
31,reading,../data/MIT_data/training/reading,v184_0055.mp4,train,ceiling,
32,tattooing,../data/MIT_data/training/tattooing,v319_0090.mp4,train,"man tatoo",
33,tattooing,../data/MIT_data/training/tattooing,v319_0086.mp4,train,tatoo,
34,tattooing,../data/MIT_data/training/tattooing,v319_0096.mp4,train,"woman man",
35,tattooing,../data/MIT_data/training/tattooing,v319_0056.mp4,train,tatoo,
36,tattooing,../data/MIT_data/training/tattooing,v319_0022.mp4,train,"tatoo girl",
37,tattooing,../data/MIT_data/training/tattooing,v319_0007.mp4,train,man,
38,tattooing,../data/MIT_data/training/tattooing,v319_0000.mp4,train,girl,
39,tattooing,../data/MIT_data/training/tattooing,v319_0071.mp4,train,tatoo,
40,shouting,../data/MIT_data/training/shouting,v085_0092.mp4,train,"man baby",
41,shouting,../data/MIT_data/training/shouting,v085_0086.mp4,train,protest,
42,shouting,../data/MIT_data/training/shouting,v085_0019.mp4,train,"woman phone",
43,shouting,../data/MIT_data/training/shouting,v085_0000.mp4,train,"protest football",
44,shouting,../data/MIT_data/training/shouting,v085_0006.mp4,train,woman,
45,shouting,../data/MIT_data/training/shouting,v085_0098.mp4,train,"woman boy",
46,shouting,../data/MIT_data/training/shouting,v085_0099.mp4,train,people,
47,shouting,../data/MIT_data/training/shouting,v085_0071.mp4,train,man,
48,photographing,../data/MIT_data/training/photographing,v138_0071.mp4,train,"woman man",
49,photographing,../data/MIT_data/training/photographing,v138_0039.mp4,train,"man phone",
50,photographing,../data/MIT_data/training/photographing,v138_0007.mp4,train,"man beach",
51,photographing,../data/MIT_data/training/photographing,v138_0015.mp4,train,"girl woman",
52,photographing,../data/MIT_data/training/photographing,v138_0036.mp4,train,"boy man phone",
53,photographing,../data/MIT_data/training/photographing,v138_0023.mp4,train,girl,
54,photographing,../data/MIT_data/training/photographing,v138_0069.mp4,train,"girl bicycle",
55,photographing,../data/MIT_data/training/photographing,v138_0056.mp4,train,"man phone",
56,packaging,../data/MIT_data/training/packaging,v191_0051.mp4,train,cardboard,
57,packaging,../data/MIT_data/training/packaging,v191_0085.mp4,train,factory,
58,packaging,../data/MIT_data/training/packaging,v191_0083.mp4,train,factory,
59,packaging,../data/MIT_data/training/packaging,v191_0055.mp4,train,factory,
60,packaging,../data/MIT_data/training/packaging,v191_0020.mp4,train,factory,
61,packaging,../data/MIT_data/training/packaging,v191_0021.mp4,train,hand,
62,packaging,../data/MIT_data/training/packaging,v191_0059.mp4,train,woman,
63,packaging,../data/MIT_data/training/packaging,v191_0070.mp4,train,icecream,
64,juggling,../data/MIT_data/training/juggling,v253_0039.mp4,train,"man phone",
65,juggling,../data/MIT_data/training/juggling,v253_0011.mp4,train,people,
66,juggling,../data/MIT_data/training/juggling,v253_0000.mp4,train,"man ball",
67,juggling,../data/MIT_data/training/juggling,v253_0017.mp4,train,man,
68,juggling,../data/MIT_data/training/juggling,v253_0003.mp4,train,man,
69,juggling,../data/MIT_data/training/juggling,v253_0062.mp4,train,man,
70,juggling,../data/MIT_data/training/juggling,v253_0074.mp4,train,grass,
71,juggling,../data/MIT_data/training/juggling,v253_0049.mp4,train,ball,
72,splashing,../data/MIT_data/training/splashing,v073_0048.mp4,train,"flower water",
73,splashing,../data/MIT_data/training/splashing,v073_0074.mp4,train,"water woman man",
74,splashing,../data/MIT_data/training/splashing,v073_0012.mp4,train,ink,
75,splashing,../data/MIT_data/training/splashing,v073_0001.mp4,train,"girl water",
76,splashing,../data/MIT_data/training/splashing,v073_0016.mp4,train,"water woman",
77,splashing,../data/MIT_data/training/splashing,v073_0030.mp4,train,water,
78,splashing,../data/MIT_data/training/splashing,v073_0035.mp4,train,"grass girl water",
79,splashing,../data/MIT_data/training/splashing,v073_0043.mp4,train,"water foot",
80,running,../data/MIT_data/training/running,v021_0011.mp4,train,"grass cheetah",
81,running,../data/MIT_data/training/running,v021_0039.mp4,train,videogame,
82,running,../data/MIT_data/training/running,v021_0003.mp4,train,dog,
83,running,../data/MIT_data/training/running,v021_0088.mp4,train,door,
84,running,../data/MIT_data/training/running,v021_0044.mp4,train,"grass stadium",
85,running,../data/MIT_data/training/running,v021_0045.mp4,train,"grass dog",
86,running,../data/MIT_data/training/running,v021_0018.mp4,train,videogame,
87,running,../data/MIT_data/training/running,v021_0019.mp4,train,man,
88,leaking,../data/MIT_data/training/leaking,v194_0049.mp4,train,water,
89,leaking,../data/MIT_data/training/leaking,v194_0048.mp4,train,"water cup",
90,leaking,../data/MIT_data/training/leaking,v194_0076.mp4,train,wood,
91,leaking,../data/MIT_data/training/leaking,v194_0016.mp4,train,"water car",
92,leaking,../data/MIT_data/training/leaking,v194_0019.mp4,train,"tap ",
93,leaking,../data/MIT_data/training/leaking,v194_0045.mp4,train,"wall water",
94,leaking,../data/MIT_data/training/leaking,v194_0083.mp4,train,man,
95,leaking,../data/MIT_data/training/leaking,v194_0056.mp4,train,concrete,
96,folding,../data/MIT_data/training/folding,v300_0071.mp4,train,"woman cardboard",
97,folding,../data/MIT_data/training/folding,v300_0015.mp4,train,girl,
98,folding,../data/MIT_data/training/folding,v300_0038.mp4,train,hand,
99,folding,../data/MIT_data/training/folding,v300_0022.mp4,train,hand,
100,folding,../data/MIT_data/training/folding,v300_0082.mp4,train,hand,
101,folding,../data/MIT_data/training/folding,v300_0068.mp4,train,man,
102,folding,../data/MIT_data/training/folding,v300_0095.mp4,train,hand,
103,folding,../data/MIT_data/training/folding,v300_0084.mp4,train,hand,
104,pouring,../data/MIT_data/training/pouring,v028_0083.mp4,train,road,
105,pouring,../data/MIT_data/training/pouring,v028_0030.mp4,train,leaf,
106,pouring,../data/MIT_data/training/pouring,v028_0026.mp4,train,painting,
107,pouring,../data/MIT_data/training/pouring,v028_0016.mp4,train,bubble,
108,pouring,../data/MIT_data/training/pouring,v028_0098.mp4,train,orange,
109,pouring,../data/MIT_data/training/pouring,v028_0067.mp4,train,water,
110,pouring,../data/MIT_data/training/pouring,v028_0071.mp4,train,man,
111,pouring,../data/MIT_data/training/pouring,v028_0064.mp4,train,water,
112,skating,../data/MIT_data/training/skating,v232_0043.mp4,train,man,
113,skating,../data/MIT_data/training/skating,v232_0080.mp4,train,"man skatelink",
114,skating,../data/MIT_data/training/skating,v232_0097.mp4,train,skatelink,
115,skating,../data/MIT_data/training/skating,v232_0051.mp4,train,"road bicycle",
116,skating,../data/MIT_data/training/skating,v232_0018.mp4,train,road,
117,skating,../data/MIT_data/training/skating,v232_0002.mp4,train,snow,
118,skating,../data/MIT_data/training/skating,v232_0007.mp4,train,man,
119,skating,../data/MIT_data/training/skating,v232_0039.mp4,train,snow,
120,extinguishing,../data/MIT_data/training/extinguishing,v205_0098.mp4,train,candle,
121,extinguishing,../data/MIT_data/training/extinguishing,v205_0088.mp4,train,videogame,
122,extinguishing,../data/MIT_data/training/extinguishing,v205_0076.mp4,train,firefighter,
123,extinguishing,../data/MIT_data/training/extinguishing,v205_0060.mp4,train,fire,
124,extinguishing,../data/MIT_data/training/extinguishing,v205_0083.mp4,train,tree,
125,extinguishing,../data/MIT_data/training/extinguishing,v205_0033.mp4,train,"fire firefighter",
126,extinguishing,../data/MIT_data/training/extinguishing,v205_0025.mp4,train,"fire-engine firefighter",
127,extinguishing,../data/MIT_data/training/extinguishing,v205_0019.mp4,train,"fire-engine firefighter",
128,clawing,../data/MIT_data/training/clawing,v142_0002.mp4,train,cat,
129,clawing,../data/MIT_data/training/clawing,v142_0013.mp4,train,fox,
130,clawing,../data/MIT_data/training/clawing,v142_0039.mp4,train,hand,
131,clawing,../data/MIT_data/training/clawing,v142_0011.mp4,train,dog,
132,clawing,../data/MIT_data/training/clawing,v142_0043.mp4,train,monkey,
133,clawing,../data/MIT_data/training/clawing,v142_0057.mp4,train,water,
134,clawing,../data/MIT_data/training/clawing,v142_0097.mp4,train,hand,
135,clawing,../data/MIT_data/training/clawing,v142_0096.mp4,train,cow,
136,snuggling,../data/MIT_data/training/snuggling,v288_0056.mp4,train,"dog man",
137,snuggling,../data/MIT_data/training/snuggling,v288_0083.mp4,train,"man woman",
138,snuggling,../data/MIT_data/training/snuggling,v288_0021.mp4,train,"cat dog",
139,snuggling,../data/MIT_data/training/snuggling,v288_0013.mp4,train,"dog woman",
140,snuggling,../data/MIT_data/training/snuggling,v288_0005.mp4,train,"woman man",
141,snuggling,../data/MIT_data/training/snuggling,v288_0000.mp4,train,"woman boy",
142,snuggling,../data/MIT_data/training/snuggling,v288_0015.mp4,train,"cat hand",
143,snuggling,../data/MIT_data/training/snuggling,v288_0016.mp4,train,"man girl",
144,child+singing,../data/MIT_data/training/child+singing,v250_0010.mp4,train,woman,
145,child+singing,../data/MIT_data/training/child+singing,v250_0013.mp4,train,girl,
146,child+singing,../data/MIT_data/training/child+singing,v250_0070.mp4,train,cross,
147,child+singing,../data/MIT_data/training/child+singing,v250_0041.mp4,train,baby,
148,child+singing,../data/MIT_data/training/child+singing,v250_0093.mp4,train,man,
149,child+singing,../data/MIT_data/training/child+singing,v250_0051.mp4,train,baby,
150,child+singing,../data/MIT_data/training/child+singing,v250_0018.mp4,train,boy,
151,child+singing,../data/MIT_data/training/child+singing,v250_0026.mp4,train,baby,
152,rising,../data/MIT_data/training/rising,v213_0005.mp4,train,man,
153,rising,../data/MIT_data/training/rising,v213_0004.mp4,train,tree,
154,rising,../data/MIT_data/training/rising,v213_0062.mp4,train,"girl ladder",
155,rising,../data/MIT_data/training/rising,v213_0072.mp4,train,"grass balloon",
156,rising,../data/MIT_data/training/rising,v213_0042.mp4,train,mountain,
157,rising,../data/MIT_data/training/rising,v213_0057.mp4,train,snow,
158,rising,../data/MIT_data/training/rising,v213_0055.mp4,train,boy,
159,rising,../data/MIT_data/training/rising,v213_0032.mp4,train,foot,
160,sneezing,../data/MIT_data/training/sneezing,v044_0037.mp4,train,woman,
161,sneezing,../data/MIT_data/training/sneezing,v044_0033.mp4,train,"woman boy",
162,sneezing,../data/MIT_data/training/sneezing,v044_0043.mp4,train,baby,
163,sneezing,../data/MIT_data/training/sneezing,v044_0083.mp4,train,man,
164,sneezing,../data/MIT_data/training/sneezing,v044_0092.mp4,train,woman,
165,sneezing,../data/MIT_data/training/sneezing,v044_0091.mp4,train,boy,
166,sneezing,../data/MIT_data/training/sneezing,v044_0006.mp4,train,"man baby",
167,sneezing,../data/MIT_data/training/sneezing,v044_0004.mp4,train,woman,
168,cracking,../data/MIT_data/training/cracking,v061_0090.mp4,train,"ice snow",
169,cracking,../data/MIT_data/training/cracking,v061_0069.mp4,train,crane,
170,cracking,../data/MIT_data/training/cracking,v061_0053.mp4,train,egg,
171,cracking,../data/MIT_data/training/cracking,v061_0035.mp4,train,man,
172,cracking,../data/MIT_data/training/cracking,v061_0018.mp4,train,egg,
173,cracking,../data/MIT_data/training/cracking,v061_0038.mp4,train,floor,
174,cracking,../data/MIT_data/training/cracking,v061_0065.mp4,train,ice,
175,cracking,../data/MIT_data/training/cracking,v061_0064.mp4,train,ice,
176,shaking,../data/MIT_data/training/shaking,v132_0065.mp4,train,leaf,
177,shaking,../data/MIT_data/training/shaking,v132_0099.mp4,train,sky,
178,shaking,../data/MIT_data/training/shaking,v132_0003.mp4,train,"man woman",
179,shaking,../data/MIT_data/training/shaking,v132_0033.mp4,train,"woman beer",
180,shaking,../data/MIT_data/training/shaking,v132_0009.mp4,train,dog,
181,shaking,../data/MIT_data/training/shaking,v132_0046.mp4,train,hand,
182,shaking,../data/MIT_data/training/shaking,v132_0056.mp4,train,boy,
183,shaking,../data/MIT_data/training/shaking,v132_0054.mp4,train,"man woman",
184,sketching,../data/MIT_data/training/sketching,v156_0041.mp4,train,woman,
185,sketching,../data/MIT_data/training/sketching,v156_0082.mp4,train,"man painting",
186,sketching,../data/MIT_data/training/sketching,v156_0080.mp4,train,"painting hand",
187,sketching,../data/MIT_data/training/sketching,v156_0081.mp4,train,painting,
188,sketching,../data/MIT_data/training/sketching,v156_0025.mp4,train,painting,
189,sketching,../data/MIT_data/training/sketching,v156_0039.mp4,train,"laptop display",
190,sketching,../data/MIT_data/training/sketching,v156_0012.mp4,train,woman,
191,sketching,../data/MIT_data/training/sketching,v156_0070.mp4,train,man,
192,trimming,../data/MIT_data/training/trimming,v063_0004.mp4,train,wood,
193,trimming,../data/MIT_data/training/trimming,v063_0016.mp4,train,orange,
194,trimming,../data/MIT_data/training/trimming,v063_0071.mp4,train,grass,
195,trimming,../data/MIT_data/training/trimming,v063_0077.mp4,train,apple,
196,trimming,../data/MIT_data/training/trimming,v063_0044.mp4,train,tomato,
197,trimming,../data/MIT_data/training/trimming,v063_0091.mp4,train,wood,
198,trimming,../data/MIT_data/training/trimming,v063_0046.mp4,train,watermelon,
199,trimming,../data/MIT_data/training/trimming,v063_0040.mp4,train,tree,
200,dancing,../data/MIT_data/training/dancing,v168_0082.mp4,train,aaa,
201,dancing,../data/MIT_data/training/dancing,v168_0069.mp4,train,,
202,dancing,../data/MIT_data/training/dancing,v168_0083.mp4,train,,
203,dancing,../data/MIT_data/training/dancing,v168_0056.mp4,train,,
204,dancing,../data/MIT_data/training/dancing,v168_0044.mp4,train,,
205,dancing,../data/MIT_data/training/dancing,v168_0092.mp4,train,,
206,dancing,../data/MIT_data/training/dancing,v168_0079.mp4,train,,
207,dancing,../data/MIT_data/training/dancing,v168_0014.mp4,train,,
208,grinning,../data/MIT_data/training/grinning,v323_0072.mp4,train,,
209,grinning,../data/MIT_data/training/grinning,v323_0088.mp4,train,,
210,grinning,../data/MIT_data/training/grinning,v323_0017.mp4,train,,
211,grinning,../data/MIT_data/training/grinning,v323_0024.mp4,train,,
212,grinning,../data/MIT_data/training/grinning,v323_0079.mp4,train,,
213,grinning,../data/MIT_data/training/grinning,v323_0092.mp4,train,,
214,grinning,../data/MIT_data/training/grinning,v323_0087.mp4,train,,
215,grinning,../data/MIT_data/training/grinning,v323_0054.mp4,train,,
216,stealing,../data/MIT_data/training/stealing,v083_0025.mp4,train,,
217,stealing,../data/MIT_data/training/stealing,v083_0033.mp4,train,,
218,stealing,../data/MIT_data/training/stealing,v083_0036.mp4,train,,
219,stealing,../data/MIT_data/training/stealing,v083_0046.mp4,train,,
220,stealing,../data/MIT_data/training/stealing,v083_0087.mp4,train,,
221,stealing,../data/MIT_data/training/stealing,v083_0064.mp4,train,,
222,stealing,../data/MIT_data/training/stealing,v083_0063.mp4,train,,
223,stealing,../data/MIT_data/training/stealing,v083_0005.mp4,train,,
224,draining,../data/MIT_data/training/draining,v308_0036.mp4,train,,
225,draining,../data/MIT_data/training/draining,v308_0047.mp4,train,,
226,draining,../data/MIT_data/training/draining,v308_0040.mp4,train,,
227,draining,../data/MIT_data/training/draining,v308_0043.mp4,train,,
228,draining,../data/MIT_data/training/draining,v308_0080.mp4,train,,
229,draining,../data/MIT_data/training/draining,v308_0060.mp4,train,,
230,draining,../data/MIT_data/training/draining,v308_0029.mp4,train,,
231,draining,../data/MIT_data/training/draining,v308_0007.mp4,train,,
232,rowing,../data/MIT_data/training/rowing,v262_0039.mp4,train,,
233,rowing,../data/MIT_data/training/rowing,v262_0032.mp4,train,,
234,rowing,../data/MIT_data/training/rowing,v262_0037.mp4,train,,
235,rowing,../data/MIT_data/training/rowing,v262_0087.mp4,train,,
236,rowing,../data/MIT_data/training/rowing,v262_0085.mp4,train,,
237,rowing,../data/MIT_data/training/rowing,v262_0090.mp4,train,,
238,rowing,../data/MIT_data/training/rowing,v262_0080.mp4,train,,
239,rowing,../data/MIT_data/training/rowing,v262_0054.mp4,train,,
240,handcuffing,../data/MIT_data/training/handcuffing,v311_0003.mp4,train,,
241,handcuffing,../data/MIT_data/training/handcuffing,v311_0000.mp4,train,,
242,handcuffing,../data/MIT_data/training/handcuffing,v311_0063.mp4,train,,
243,handcuffing,../data/MIT_data/training/handcuffing,v311_0058.mp4,train,,
244,handcuffing,../data/MIT_data/training/handcuffing,v311_0042.mp4,train,,
245,handcuffing,../data/MIT_data/training/handcuffing,v311_0091.mp4,train,,
246,handcuffing,../data/MIT_data/training/handcuffing,v311_0035.mp4,train,,
247,handcuffing,../data/MIT_data/training/handcuffing,v311_0024.mp4,train,,
248,loading,../data/MIT_data/training/loading,v336_0031.mp4,train,,
249,loading,../data/MIT_data/training/loading,v336_0025.mp4,train,,
250,loading,../data/MIT_data/training/loading,v336_0026.mp4,train,,
251,loading,../data/MIT_data/training/loading,v336_0034.mp4,train,,
252,loading,../data/MIT_data/training/loading,v336_0051.mp4,train,,
253,loading,../data/MIT_data/training/loading,v336_0054.mp4,train,,
254,loading,../data/MIT_data/training/loading,v336_0041.mp4,train,,
255,loading,../data/MIT_data/training/loading,v336_0089.mp4,train,,
256,sanding,../data/MIT_data/training/sanding,v185_0006.mp4,train,,
257,sanding,../data/MIT_data/training/sanding,v185_0000.mp4,train,,
258,sanding,../data/MIT_data/training/sanding,v185_0072.mp4,train,,
259,sanding,../data/MIT_data/training/sanding,v185_0074.mp4,train,,
260,sanding,../data/MIT_data/training/sanding,v185_0077.mp4,train,,
261,sanding,../data/MIT_data/training/sanding,v185_0079.mp4,train,,
262,sanding,../data/MIT_data/training/sanding,v185_0080.mp4,train,,
263,sanding,../data/MIT_data/training/sanding,v185_0031.mp4,train,,
264,rolling,../data/MIT_data/training/rolling,v200_0031.mp4,train,,
265,rolling,../data/MIT_data/training/rolling,v200_0055.mp4,train,,
266,rolling,../data/MIT_data/training/rolling,v200_0094.mp4,train,,
267,rolling,../data/MIT_data/training/rolling,v200_0059.mp4,train,,
268,rolling,../data/MIT_data/training/rolling,v200_0077.mp4,train,,
269,rolling,../data/MIT_data/training/rolling,v200_0089.mp4,train,,
270,rolling,../data/MIT_data/training/rolling,v200_0013.mp4,train,,
271,rolling,../data/MIT_data/training/rolling,v200_0028.mp4,train,,
272,tying,../data/MIT_data/training/tying,v236_0048.mp4,train,,
273,tying,../data/MIT_data/training/tying,v236_0071.mp4,train,,
274,tying,../data/MIT_data/training/tying,v236_0036.mp4,train,,
275,tying,../data/MIT_data/training/tying,v236_0035.mp4,train,,
276,tying,../data/MIT_data/training/tying,v236_0031.mp4,train,,
277,tying,../data/MIT_data/training/tying,v236_0024.mp4,train,,
278,tying,../data/MIT_data/training/tying,v236_0054.mp4,train,,
279,tying,../data/MIT_data/training/tying,v236_0045.mp4,train,,
280,blocking,../data/MIT_data/training/blocking,v317_0063.mp4,train,,
281,blocking,../data/MIT_data/training/blocking,v317_0013.mp4,train,,
282,blocking,../data/MIT_data/training/blocking,v317_0003.mp4,train,,
283,blocking,../data/MIT_data/training/blocking,v317_0001.mp4,train,,
284,blocking,../data/MIT_data/training/blocking,v317_0085.mp4,train,,
285,blocking,../data/MIT_data/training/blocking,v317_0050.mp4,train,,
286,blocking,../data/MIT_data/training/blocking,v317_0078.mp4,train,,
287,blocking,../data/MIT_data/training/blocking,v317_0097.mp4,train,,
288,catching,../data/MIT_data/training/catching,v307_0039.mp4,train,,
289,catching,../data/MIT_data/training/catching,v307_0014.mp4,train,,
290,catching,../data/MIT_data/training/catching,v307_0028.mp4,train,,
291,catching,../data/MIT_data/training/catching,v307_0053.mp4,train,,
292,catching,../data/MIT_data/training/catching,v307_0087.mp4,train,,
293,catching,../data/MIT_data/training/catching,v307_0082.mp4,train,,
294,catching,../data/MIT_data/training/catching,v307_0055.mp4,train,,
295,catching,../data/MIT_data/training/catching,v307_0043.mp4,train,,
296,plugging,../data/MIT_data/training/plugging,v053_0025.mp4,train,,
297,plugging,../data/MIT_data/training/plugging,v053_0023.mp4,train,,
298,plugging,../data/MIT_data/training/plugging,v053_0022.mp4,train,,
299,plugging,../data/MIT_data/training/plugging,v053_0058.mp4,train,,
300,plugging,../data/MIT_data/training/plugging,v053_0099.mp4,train,,
301,plugging,../data/MIT_data/training/plugging,v053_0075.mp4,train,,
302,plugging,../data/MIT_data/training/plugging,v053_0011.mp4,train,,
303,plugging,../data/MIT_data/training/plugging,v053_0029.mp4,train,,
304,shaving,../data/MIT_data/training/shaving,v211_0047.mp4,train,,
305,shaving,../data/MIT_data/training/shaving,v211_0045.mp4,train,,
306,shaving,../data/MIT_data/training/shaving,v211_0024.mp4,train,,
307,shaving,../data/MIT_data/training/shaving,v211_0031.mp4,train,,
308,shaving,../data/MIT_data/training/shaving,v211_0029.mp4,train,,
309,shaving,../data/MIT_data/training/shaving,v211_0066.mp4,train,,
310,shaving,../data/MIT_data/training/shaving,v211_0073.mp4,train,,
311,shaving,../data/MIT_data/training/shaving,v211_0059.mp4,train,,
312,giving,../data/MIT_data/training/giving,v089_0036.mp4,train,,
313,giving,../data/MIT_data/training/giving,v089_0051.mp4,train,,
314,giving,../data/MIT_data/training/giving,v089_0093.mp4,train,,
315,giving,../data/MIT_data/training/giving,v089_0084.mp4,train,,
316,giving,../data/MIT_data/training/giving,v089_0043.mp4,train,,
317,giving,../data/MIT_data/training/giving,v089_0082.mp4,train,,
318,giving,../data/MIT_data/training/giving,v089_0067.mp4,train,,
319,giving,../data/MIT_data/training/giving,v089_0099.mp4,train,,
320,cramming,../data/MIT_data/training/cramming,v330_0083.mp4,train,,
321,cramming,../data/MIT_data/training/cramming,v330_0069.mp4,train,,
322,cramming,../data/MIT_data/training/cramming,v330_0094.mp4,train,,
323,cramming,../data/MIT_data/training/cramming,v330_0042.mp4,train,,
324,cramming,../data/MIT_data/training/cramming,v330_0032.mp4,train,,
325,cramming,../data/MIT_data/training/cramming,v330_0025.mp4,train,,
326,cramming,../data/MIT_data/training/cramming,v330_0011.mp4,train,,
327,cramming,../data/MIT_data/training/cramming,v330_0072.mp4,train,,
328,performing,../data/MIT_data/training/performing,v136_0053.mp4,train,,
329,performing,../data/MIT_data/training/performing,v136_0046.mp4,train,,
330,performing,../data/MIT_data/training/performing,v136_0078.mp4,train,,
331,performing,../data/MIT_data/training/performing,v136_0095.mp4,train,,
332,performing,../data/MIT_data/training/performing,v136_0081.mp4,train,,
333,performing,../data/MIT_data/training/performing,v136_0024.mp4,train,,
334,performing,../data/MIT_data/training/performing,v136_0005.mp4,train,,
335,performing,../data/MIT_data/training/performing,v136_0016.mp4,train,,
336,camping,../data/MIT_data/training/camping,v052_0020.mp4,train,,
337,camping,../data/MIT_data/training/camping,v052_0045.mp4,train,,
338,camping,../data/MIT_data/training/camping,v052_0086.mp4,train,,
339,camping,../data/MIT_data/training/camping,v052_0057.mp4,train,,
340,camping,../data/MIT_data/training/camping,v052_0043.mp4,train,,
341,camping,../data/MIT_data/training/camping,v052_0041.mp4,train,,
342,camping,../data/MIT_data/training/camping,v052_0072.mp4,train,,
343,camping,../data/MIT_data/training/camping,v052_0063.mp4,train,,
344,selling,../data/MIT_data/training/selling,v064_0099.mp4,train,,
345,selling,../data/MIT_data/training/selling,v064_0067.mp4,train,,
346,selling,../data/MIT_data/training/selling,v064_0012.mp4,train,,
347,selling,../data/MIT_data/training/selling,v064_0022.mp4,train,,
348,selling,../data/MIT_data/training/selling,v064_0023.mp4,train,,
349,selling,../data/MIT_data/training/selling,v064_0018.mp4,train,,
350,selling,../data/MIT_data/training/selling,v064_0095.mp4,train,,
351,selling,../data/MIT_data/training/selling,v064_0041.mp4,train,,
352,hugging,../data/MIT_data/training/hugging,v091_0010.mp4,train,,
353,hugging,../data/MIT_data/training/hugging,v091_0049.mp4,train,,
354,hugging,../data/MIT_data/training/hugging,v091_0098.mp4,train,,
355,hugging,../data/MIT_data/training/hugging,v091_0054.mp4,train,,
356,hugging,../data/MIT_data/training/hugging,v091_0051.mp4,train,,
357,hugging,../data/MIT_data/training/hugging,v091_0092.mp4,train,,
358,hugging,../data/MIT_data/training/hugging,v091_0032.mp4,train,,
359,hugging,../data/MIT_data/training/hugging,v091_0019.mp4,train,,
360,crying,../data/MIT_data/training/crying,v161_0011.mp4,train,,
361,crying,../data/MIT_data/training/crying,v161_0066.mp4,train,,
362,crying,../data/MIT_data/training/crying,v161_0077.mp4,train,,
363,crying,../data/MIT_data/training/crying,v161_0079.mp4,train,,
364,crying,../data/MIT_data/training/crying,v161_0096.mp4,train,,
365,crying,../data/MIT_data/training/crying,v161_0097.mp4,train,,
366,crying,../data/MIT_data/training/crying,v161_0056.mp4,train,,
367,crying,../data/MIT_data/training/crying,v161_0023.mp4,train,,
368,pitching,../data/MIT_data/training/pitching,v240_0003.mp4,train,,
369,pitching,../data/MIT_data/training/pitching,v240_0014.mp4,train,,
370,pitching,../data/MIT_data/training/pitching,v240_0029.mp4,train,,
371,pitching,../data/MIT_data/training/pitching,v240_0034.mp4,train,,
372,pitching,../data/MIT_data/training/pitching,v240_0097.mp4,train,,
373,pitching,../data/MIT_data/training/pitching,v240_0068.mp4,train,,
374,pitching,../data/MIT_data/training/pitching,v240_0081.mp4,train,,
375,pitching,../data/MIT_data/training/pitching,v240_0092.mp4,train,,
376,raising,../data/MIT_data/training/raising,v105_0030.mp4,train,,
377,raising,../data/MIT_data/training/raising,v105_0057.mp4,train,,
378,raising,../data/MIT_data/training/raising,v105_0056.mp4,train,,
379,raising,../data/MIT_data/training/raising,v105_0040.mp4,train,,
380,raising,../data/MIT_data/training/raising,v105_0091.mp4,train,,
381,raising,../data/MIT_data/training/raising,v105_0053.mp4,train,,
382,raising,../data/MIT_data/training/raising,v105_0061.mp4,train,,
383,raising,../data/MIT_data/training/raising,v105_0005.mp4,train,,
384,sweeping,../data/MIT_data/training/sweeping,v057_0038.mp4,train,,
385,sweeping,../data/MIT_data/training/sweeping,v057_0013.mp4,train,,
386,sweeping,../data/MIT_data/training/sweeping,v057_0061.mp4,train,,
387,sweeping,../data/MIT_data/training/sweeping,v057_0088.mp4,train,,
388,sweeping,../data/MIT_data/training/sweeping,v057_0045.mp4,train,,
389,sweeping,../data/MIT_data/training/sweeping,v057_0069.mp4,train,,
390,sweeping,../data/MIT_data/training/sweeping,v057_0032.mp4,train,,
391,sweeping,../data/MIT_data/training/sweeping,v057_0027.mp4,train,,
392,chopping,../data/MIT_data/training/chopping,v204_0039.mp4,train,,
393,chopping,../data/MIT_data/training/chopping,v204_0011.mp4,train,,
394,chopping,../data/MIT_data/training/chopping,v204_0016.mp4,train,,
395,chopping,../data/MIT_data/training/chopping,v204_0070.mp4,train,,
396,chopping,../data/MIT_data/training/chopping,v204_0072.mp4,train,,
397,chopping,../data/MIT_data/training/chopping,v204_0067.mp4,train,,
398,chopping,../data/MIT_data/training/chopping,v204_0019.mp4,train,,
399,chopping,../data/MIT_data/training/chopping,v204_0037.mp4,train,,
400,ascending,../data/MIT_data/training/ascending,v328_0071.mp4,train,,
401,ascending,../data/MIT_data/training/ascending,v328_0089.mp4,train,,
402,ascending,../data/MIT_data/training/ascending,v328_0001.mp4,train,,
403,ascending,../data/MIT_data/training/ascending,v328_0019.mp4,train,,
404,ascending,../data/MIT_data/training/ascending,v328_0018.mp4,train,,
405,ascending,../data/MIT_data/training/ascending,v328_0051.mp4,train,,
406,ascending,../data/MIT_data/training/ascending,v328_0044.mp4,train,,
407,ascending,../data/MIT_data/training/ascending,v328_0040.mp4,train,,
408,officiating,../data/MIT_data/training/officiating,v137_0042.mp4,train,,
409,officiating,../data/MIT_data/training/officiating,v137_0034.mp4,train,,
410,officiating,../data/MIT_data/training/officiating,v137_0038.mp4,train,,
411,officiating,../data/MIT_data/training/officiating,v137_0073.mp4,train,,
412,officiating,../data/MIT_data/training/officiating,v137_0048.mp4,train,,
413,officiating,../data/MIT_data/training/officiating,v137_0049.mp4,train,,
414,officiating,../data/MIT_data/training/officiating,v137_0063.mp4,train,,
415,officiating,../data/MIT_data/training/officiating,v137_0062.mp4,train,,
416,protesting,../data/MIT_data/training/protesting,v108_0091.mp4,train,,
417,protesting,../data/MIT_data/training/protesting,v108_0030.mp4,train,,
418,protesting,../data/MIT_data/training/protesting,v108_0011.mp4,train,,
419,protesting,../data/MIT_data/training/protesting,v108_0002.mp4,train,,
420,protesting,../data/MIT_data/training/protesting,v108_0003.mp4,train,,
421,protesting,../data/MIT_data/training/protesting,v108_0075.mp4,train,,
422,protesting,../data/MIT_data/training/protesting,v108_0049.mp4,train,,
423,protesting,../data/MIT_data/training/protesting,v108_0074.mp4,train,,
424,instructing,../data/MIT_data/training/instructing,v299_0021.mp4,train,,
425,instructing,../data/MIT_data/training/instructing,v299_0090.mp4,train,,
426,instructing,../data/MIT_data/training/instructing,v299_0065.mp4,train,,
427,instructing,../data/MIT_data/training/instructing,v299_0073.mp4,train,,
428,instructing,../data/MIT_data/training/instructing,v299_0088.mp4,train,,
429,instructing,../data/MIT_data/training/instructing,v299_0000.mp4,train,,
430,instructing,../data/MIT_data/training/instructing,v299_0029.mp4,train,,
431,instructing,../data/MIT_data/training/instructing,v299_0002.mp4,train,,
432,racing,../data/MIT_data/training/racing,v282_0090.mp4,train,,
433,racing,../data/MIT_data/training/racing,v282_0079.mp4,train,,
434,racing,../data/MIT_data/training/racing,v282_0032.mp4,train,,
435,racing,../data/MIT_data/training/racing,v282_0022.mp4,train,,
436,racing,../data/MIT_data/training/racing,v282_0005.mp4,train,,
437,racing,../data/MIT_data/training/racing,v282_0038.mp4,train,,
438,racing,../data/MIT_data/training/racing,v282_0028.mp4,train,,
439,racing,../data/MIT_data/training/racing,v282_0073.mp4,train,,
440,slipping,../data/MIT_data/training/slipping,v056_0058.mp4,train,,
441,slipping,../data/MIT_data/training/slipping,v056_0070.mp4,train,,
442,slipping,../data/MIT_data/training/slipping,v056_0089.mp4,train,,
443,slipping,../data/MIT_data/training/slipping,v056_0088.mp4,train,,
444,slipping,../data/MIT_data/training/slipping,v056_0047.mp4,train,,
445,slipping,../data/MIT_data/training/slipping,v056_0080.mp4,train,,
446,slipping,../data/MIT_data/training/slipping,v056_0033.mp4,train,,
447,slipping,../data/MIT_data/training/slipping,v056_0020.mp4,train,,
448,drying,../data/MIT_data/training/drying,v160_0011.mp4,train,,
449,drying,../data/MIT_data/training/drying,v160_0014.mp4,train,,
450,drying,../data/MIT_data/training/drying,v160_0067.mp4,train,,
451,drying,../data/MIT_data/training/drying,v160_0045.mp4,train,,
452,drying,../data/MIT_data/training/drying,v160_0083.mp4,train,,
453,drying,../data/MIT_data/training/drying,v160_0057.mp4,train,,
454,drying,../data/MIT_data/training/drying,v160_0031.mp4,train,,
455,drying,../data/MIT_data/training/drying,v160_0009.mp4,train,,
456,boating,../data/MIT_data/training/boating,v196_0036.mp4,train,,
457,boating,../data/MIT_data/training/boating,v196_0026.mp4,train,,
458,boating,../data/MIT_data/training/boating,v196_0025.mp4,train,,
459,boating,../data/MIT_data/training/boating,v196_0094.mp4,train,,
460,boating,../data/MIT_data/training/boating,v196_0095.mp4,train,,
461,boating,../data/MIT_data/training/boating,v196_0067.mp4,train,,
462,boating,../data/MIT_data/training/boating,v196_0002.mp4,train,,
463,boating,../data/MIT_data/training/boating,v196_0010.mp4,train,,
464,marching,../data/MIT_data/training/marching,v065_0048.mp4,train,,
465,marching,../data/MIT_data/training/marching,v065_0002.mp4,train,,
466,marching,../data/MIT_data/training/marching,v065_0035.mp4,train,,
467,marching,../data/MIT_data/training/marching,v065_0018.mp4,train,,
468,marching,../data/MIT_data/training/marching,v065_0078.mp4,train,,
469,marching,../data/MIT_data/training/marching,v065_0050.mp4,train,,
470,marching,../data/MIT_data/training/marching,v065_0087.mp4,train,,
471,marching,../data/MIT_data/training/marching,v065_0053.mp4,train,,
472,smoking,../data/MIT_data/training/smoking,v274_0059.mp4,train,,
473,smoking,../data/MIT_data/training/smoking,v274_0065.mp4,train,,
474,smoking,../data/MIT_data/training/smoking,v274_0067.mp4,train,,
475,smoking,../data/MIT_data/training/smoking,v274_0000.mp4,train,,
476,smoking,../data/MIT_data/training/smoking,v274_0004.mp4,train,,
477,smoking,../data/MIT_data/training/smoking,v274_0031.mp4,train,,
478,smoking,../data/MIT_data/training/smoking,v274_0083.mp4,train,,
479,smoking,../data/MIT_data/training/smoking,v274_0086.mp4,train,,
480,waving,../data/MIT_data/training/waving,v270_0041.mp4,train,,
481,waving,../data/MIT_data/training/waving,v270_0046.mp4,train,,
482,waving,../data/MIT_data/training/waving,v270_0086.mp4,train,,
483,waving,../data/MIT_data/training/waving,v270_0037.mp4,train,,
484,waving,../data/MIT_data/training/waving,v270_0002.mp4,train,,
485,waving,../data/MIT_data/training/waving,v270_0004.mp4,train,,
486,waving,../data/MIT_data/training/waving,v270_0007.mp4,train,,
487,waving,../data/MIT_data/training/waving,v270_0013.mp4,train,,
488,weeding,../data/MIT_data/training/weeding,v158_0066.mp4,train,,
489,weeding,../data/MIT_data/training/weeding,v158_0003.mp4,train,,
490,weeding,../data/MIT_data/training/weeding,v158_0001.mp4,train,,
491,weeding,../data/MIT_data/training/weeding,v158_0004.mp4,train,,
492,weeding,../data/MIT_data/training/weeding,v158_0019.mp4,train,,
493,weeding,../data/MIT_data/training/weeding,v158_0083.mp4,train,,
494,weeding,../data/MIT_data/training/weeding,v158_0079.mp4,train,,
495,weeding,../data/MIT_data/training/weeding,v158_0045.mp4,train,,
496,opening,../data/MIT_data/training/opening,v251_0029.mp4,train,,
497,opening,../data/MIT_data/training/opening,v251_0012.mp4,train,,
498,opening,../data/MIT_data/training/opening,v251_0062.mp4,train,,
499,opening,../data/MIT_data/training/opening,v251_0065.mp4,train,,
500,opening,../data/MIT_data/training/opening,v251_0095.mp4,train,,
501,opening,../data/MIT_data/training/opening,v251_0051.mp4,train,,
502,opening,../data/MIT_data/training/opening,v251_0022.mp4,train,,
503,opening,../data/MIT_data/training/opening,v251_0024.mp4,train,,
504,stopping,../data/MIT_data/training/stopping,v043_0092.mp4,train,,
505,stopping,../data/MIT_data/training/stopping,v043_0046.mp4,train,,
506,stopping,../data/MIT_data/training/stopping,v043_0056.mp4,train,,
507,stopping,../data/MIT_data/training/stopping,v043_0054.mp4,train,,
508,stopping,../data/MIT_data/training/stopping,v043_0030.mp4,train,,
509,stopping,../data/MIT_data/training/stopping,v043_0036.mp4,train,,
510,stopping,../data/MIT_data/training/stopping,v043_0007.mp4,train,,
511,stopping,../data/MIT_data/training/stopping,v043_0028.mp4,train,,
512,handwriting,../data/MIT_data/training/handwriting,v079_0058.mp4,train,,
513,handwriting,../data/MIT_data/training/handwriting,v079_0048.mp4,train,,
514,handwriting,../data/MIT_data/training/handwriting,v079_0077.mp4,train,,
515,handwriting,../data/MIT_data/training/handwriting,v079_0003.mp4,train,,
516,handwriting,../data/MIT_data/training/handwriting,v079_0018.mp4,train,,
517,handwriting,../data/MIT_data/training/handwriting,v079_0020.mp4,train,,
518,handwriting,../data/MIT_data/training/handwriting,v079_0084.mp4,train,,
519,handwriting,../data/MIT_data/training/handwriting,v079_0096.mp4,train,,
520,throwing,../data/MIT_data/training/throwing,v268_0076.mp4,train,,
521,throwing,../data/MIT_data/training/throwing,v268_0011.mp4,train,,
522,throwing,../data/MIT_data/training/throwing,v268_0016.mp4,train,,
523,throwing,../data/MIT_data/training/throwing,v268_0025.mp4,train,,
524,throwing,../data/MIT_data/training/throwing,v268_0087.mp4,train,,
525,throwing,../data/MIT_data/training/throwing,v268_0093.mp4,train,,
526,throwing,../data/MIT_data/training/throwing,v268_0041.mp4,train,,
527,throwing,../data/MIT_data/training/throwing,v268_0095.mp4,train,,
528,stacking,../data/MIT_data/training/stacking,v159_0077.mp4,train,,
529,stacking,../data/MIT_data/training/stacking,v159_0016.mp4,train,,
530,stacking,../data/MIT_data/training/stacking,v159_0006.mp4,train,,
531,stacking,../data/MIT_data/training/stacking,v159_0025.mp4,train,,
532,stacking,../data/MIT_data/training/stacking,v159_0024.mp4,train,,
533,stacking,../data/MIT_data/training/stacking,v159_0054.mp4,train,,
534,stacking,../data/MIT_data/training/stacking,v159_0041.mp4,train,,
535,stacking,../data/MIT_data/training/stacking,v159_0044.mp4,train,,
536,placing,../data/MIT_data/training/placing,v247_0002.mp4,train,,
537,placing,../data/MIT_data/training/placing,v247_0059.mp4,train,,
538,placing,../data/MIT_data/training/placing,v247_0058.mp4,train,,
539,placing,../data/MIT_data/training/placing,v247_0060.mp4,train,,
540,placing,../data/MIT_data/training/placing,v247_0042.mp4,train,,
541,placing,../data/MIT_data/training/placing,v247_0019.mp4,train,,
542,placing,../data/MIT_data/training/placing,v247_0031.mp4,train,,
543,placing,../data/MIT_data/training/placing,v247_0021.mp4,train,,
544,paying,../data/MIT_data/training/paying,v165_0035.mp4,train,,
545,paying,../data/MIT_data/training/paying,v165_0008.mp4,train,,
546,paying,../data/MIT_data/training/paying,v165_0080.mp4,train,,
547,paying,../data/MIT_data/training/paying,v165_0096.mp4,train,,
548,paying,../data/MIT_data/training/paying,v165_0088.mp4,train,,
549,paying,../data/MIT_data/training/paying,v165_0062.mp4,train,,
550,paying,../data/MIT_data/training/paying,v165_0010.mp4,train,,
551,paying,../data/MIT_data/training/paying,v165_0016.mp4,train,,
552,dragging,../data/MIT_data/training/dragging,v134_0015.mp4,train,,
553,dragging,../data/MIT_data/training/dragging,v134_0005.mp4,train,,
554,dragging,../data/MIT_data/training/dragging,v134_0059.mp4,train,,
555,dragging,../data/MIT_data/training/dragging,v134_0040.mp4,train,,
556,dragging,../data/MIT_data/training/dragging,v134_0021.mp4,train,,
557,dragging,../data/MIT_data/training/dragging,v134_0008.mp4,train,,
558,dragging,../data/MIT_data/training/dragging,v134_0023.mp4,train,,
559,dragging,../data/MIT_data/training/dragging,v134_0033.mp4,train,,
560,manicuring,../data/MIT_data/training/manicuring,v237_0048.mp4,train,,
561,manicuring,../data/MIT_data/training/manicuring,v237_0076.mp4,train,,
562,manicuring,../data/MIT_data/training/manicuring,v237_0028.mp4,train,,
563,manicuring,../data/MIT_data/training/manicuring,v237_0009.mp4,train,,
564,manicuring,../data/MIT_data/training/manicuring,v237_0024.mp4,train,,
565,manicuring,../data/MIT_data/training/manicuring,v237_0040.mp4,train,,
566,manicuring,../data/MIT_data/training/manicuring,v237_0081.mp4,train,,
567,manicuring,../data/MIT_data/training/manicuring,v237_0090.mp4,train,,
568,pedaling,../data/MIT_data/training/pedaling,v054_0055.mp4,train,,
569,pedaling,../data/MIT_data/training/pedaling,v054_0022.mp4,train,,
570,pedaling,../data/MIT_data/training/pedaling,v054_0036.mp4,train,,
571,pedaling,../data/MIT_data/training/pedaling,v054_0013.mp4,train,,
572,pedaling,../data/MIT_data/training/pedaling,v054_0011.mp4,train,,
573,pedaling,../data/MIT_data/training/pedaling,v054_0067.mp4,train,,
574,pedaling,../data/MIT_data/training/pedaling,v054_0073.mp4,train,,
575,pedaling,../data/MIT_data/training/pedaling,v054_0072.mp4,train,,
576,storming,../data/MIT_data/training/storming,v246_0071.mp4,train,,
577,storming,../data/MIT_data/training/storming,v246_0064.mp4,train,,
578,storming,../data/MIT_data/training/storming,v246_0046.mp4,train,,
579,storming,../data/MIT_data/training/storming,v246_0051.mp4,train,,
580,storming,../data/MIT_data/training/storming,v246_0080.mp4,train,,
581,storming,../data/MIT_data/training/storming,v246_0043.mp4,train,,
582,storming,../data/MIT_data/training/storming,v246_0031.mp4,train,,
583,storming,../data/MIT_data/training/storming,v246_0022.mp4,train,,
584,saluting,../data/MIT_data/training/saluting,v265_0001.mp4,train,,
585,saluting,../data/MIT_data/training/saluting,v265_0007.mp4,train,,
586,saluting,../data/MIT_data/training/saluting,v265_0098.mp4,train,,
587,saluting,../data/MIT_data/training/saluting,v265_0067.mp4,train,,
588,saluting,../data/MIT_data/training/saluting,v265_0072.mp4,train,,
589,saluting,../data/MIT_data/training/saluting,v265_0079.mp4,train,,
590,saluting,../data/MIT_data/training/saluting,v265_0047.mp4,train,,
591,saluting,../data/MIT_data/training/saluting,v265_0032.mp4,train,,
592,launching,../data/MIT_data/training/launching,v190_0094.mp4,train,,
593,launching,../data/MIT_data/training/launching,v190_0082.mp4,train,,
594,launching,../data/MIT_data/training/launching,v190_0032.mp4,train,,
595,launching,../data/MIT_data/training/launching,v190_0024.mp4,train,,
596,launching,../data/MIT_data/training/launching,v190_0018.mp4,train,,
597,launching,../data/MIT_data/training/launching,v190_0010.mp4,train,,
598,launching,../data/MIT_data/training/launching,v190_0071.mp4,train,,
599,launching,../data/MIT_data/training/launching,v190_0063.mp4,train,,
600,buttoning,../data/MIT_data/training/buttoning,v029_0083.mp4,train,,
601,buttoning,../data/MIT_data/training/buttoning,v029_0057.mp4,train,,
602,buttoning,../data/MIT_data/training/buttoning,v029_0091.mp4,train,,
603,buttoning,../data/MIT_data/training/buttoning,v029_0018.mp4,train,,
604,buttoning,../data/MIT_data/training/buttoning,v029_0028.mp4,train,,
605,buttoning,../data/MIT_data/training/buttoning,v029_0049.mp4,train,,
606,buttoning,../data/MIT_data/training/buttoning,v029_0098.mp4,train,,
607,buttoning,../data/MIT_data/training/buttoning,v029_0065.mp4,train,,
608,injecting,../data/MIT_data/training/injecting,v218_0028.mp4,train,,
609,injecting,../data/MIT_data/training/injecting,v218_0010.mp4,train,,
610,injecting,../data/MIT_data/training/injecting,v218_0089.mp4,train,,
611,injecting,../data/MIT_data/training/injecting,v218_0099.mp4,train,,
612,injecting,../data/MIT_data/training/injecting,v218_0030.mp4,train,,
613,injecting,../data/MIT_data/training/injecting,v218_0019.mp4,train,,
614,injecting,../data/MIT_data/training/injecting,v218_0031.mp4,train,,
615,injecting,../data/MIT_data/training/injecting,v218_0032.mp4,train,,
616,working,../data/MIT_data/training/working,v048_0091.mp4,train,,
617,working,../data/MIT_data/training/working,v048_0045.mp4,train,,
618,working,../data/MIT_data/training/working,v048_0050.mp4,train,,
619,working,../data/MIT_data/training/working,v048_0037.mp4,train,,
620,working,../data/MIT_data/training/working,v048_0001.mp4,train,,
621,working,../data/MIT_data/training/working,v048_0099.mp4,train,,
622,working,../data/MIT_data/training/working,v048_0058.mp4,train,,
623,working,../data/MIT_data/training/working,v048_0061.mp4,train,,
624,kicking,../data/MIT_data/training/kicking,v075_0013.mp4,train,,
625,kicking,../data/MIT_data/training/kicking,v075_0039.mp4,train,,
626,kicking,../data/MIT_data/training/kicking,v075_0061.mp4,train,,
627,kicking,../data/MIT_data/training/kicking,v075_0066.mp4,train,,
628,kicking,../data/MIT_data/training/kicking,v075_0056.mp4,train,,
629,kicking,../data/MIT_data/training/kicking,v075_0083.mp4,train,,
630,kicking,../data/MIT_data/training/kicking,v075_0051.mp4,train,,
631,kicking,../data/MIT_data/training/kicking,v075_0026.mp4,train,,
632,queuing,../data/MIT_data/training/queuing,v041_0029.mp4,train,,
633,queuing,../data/MIT_data/training/queuing,v041_0013.mp4,train,,
634,queuing,../data/MIT_data/training/queuing,v041_0048.mp4,train,,
635,queuing,../data/MIT_data/training/queuing,v041_0076.mp4,train,,
636,queuing,../data/MIT_data/training/queuing,v041_0083.mp4,train,,
637,queuing,../data/MIT_data/training/queuing,v041_0046.mp4,train,,
638,queuing,../data/MIT_data/training/queuing,v041_0093.mp4,train,,
639,queuing,../data/MIT_data/training/queuing,v041_0031.mp4,train,,
640,shredding,../data/MIT_data/training/shredding,v183_0061.mp4,train,,
641,shredding,../data/MIT_data/training/shredding,v183_0041.mp4,train,,
642,shredding,../data/MIT_data/training/shredding,v183_0069.mp4,train,,
643,shredding,../data/MIT_data/training/shredding,v183_0080.mp4,train,,
644,shredding,../data/MIT_data/training/shredding,v183_0043.mp4,train,,
645,shredding,../data/MIT_data/training/shredding,v183_0053.mp4,train,,
646,shredding,../data/MIT_data/training/shredding,v183_0079.mp4,train,,
647,shredding,../data/MIT_data/training/shredding,v183_0078.mp4,train,,
648,applauding,../data/MIT_data/training/applauding,v206_0041.mp4,train,,
649,applauding,../data/MIT_data/training/applauding,v206_0025.mp4,train,,
650,applauding,../data/MIT_data/training/applauding,v206_0033.mp4,train,,
651,applauding,../data/MIT_data/training/applauding,v206_0076.mp4,train,,
652,applauding,../data/MIT_data/training/applauding,v206_0089.mp4,train,,
653,applauding,../data/MIT_data/training/applauding,v206_0099.mp4,train,,
654,applauding,../data/MIT_data/training/applauding,v206_0071.mp4,train,,
655,applauding,../data/MIT_data/training/applauding,v206_0070.mp4,train,,
656,baking,../data/MIT_data/training/baking,v273_0017.mp4,train,,
657,baking,../data/MIT_data/training/baking,v273_0067.mp4,train,,
658,baking,../data/MIT_data/training/baking,v273_0088.mp4,train,,
659,baking,../data/MIT_data/training/baking,v273_0075.mp4,train,,
660,baking,../data/MIT_data/training/baking,v273_0052.mp4,train,,
661,baking,../data/MIT_data/training/baking,v273_0081.mp4,train,,
662,baking,../data/MIT_data/training/baking,v273_0025.mp4,train,,
663,baking,../data/MIT_data/training/baking,v273_0018.mp4,train,,
664,tearing,../data/MIT_data/training/tearing,v124_0088.mp4,train,,
665,tearing,../data/MIT_data/training/tearing,v124_0058.mp4,train,,
666,tearing,../data/MIT_data/training/tearing,v124_0064.mp4,train,,
667,tearing,../data/MIT_data/training/tearing,v124_0070.mp4,train,,
668,tearing,../data/MIT_data/training/tearing,v124_0017.mp4,train,,
669,tearing,../data/MIT_data/training/tearing,v124_0025.mp4,train,,
670,tearing,../data/MIT_data/training/tearing,v124_0094.mp4,train,,
671,tearing,../data/MIT_data/training/tearing,v124_0055.mp4,train,,
672,towing,../data/MIT_data/training/towing,v241_0060.mp4,train,,
673,towing,../data/MIT_data/training/towing,v241_0062.mp4,train,,
674,towing,../data/MIT_data/training/towing,v241_0000.mp4,train,,
675,towing,../data/MIT_data/training/towing,v241_0011.mp4,train,,
676,towing,../data/MIT_data/training/towing,v241_0022.mp4,train,,
677,towing,../data/MIT_data/training/towing,v241_0031.mp4,train,,
678,towing,../data/MIT_data/training/towing,v241_0083.mp4,train,,
679,towing,../data/MIT_data/training/towing,v241_0093.mp4,train,,
680,rubbing,../data/MIT_data/training/rubbing,v119_0027.mp4,train,,
681,rubbing,../data/MIT_data/training/rubbing,v119_0055.mp4,train,,
682,rubbing,../data/MIT_data/training/rubbing,v119_0072.mp4,train,,
683,rubbing,../data/MIT_data/training/rubbing,v119_0058.mp4,train,,
684,rubbing,../data/MIT_data/training/rubbing,v119_0048.mp4,train,,
685,rubbing,../data/MIT_data/training/rubbing,v119_0077.mp4,train,,
686,rubbing,../data/MIT_data/training/rubbing,v119_0005.mp4,train,,
687,rubbing,../data/MIT_data/training/rubbing,v119_0014.mp4,train,,
688,pointing,../data/MIT_data/training/pointing,v088_0050.mp4,train,,
689,pointing,../data/MIT_data/training/pointing,v088_0053.mp4,train,,
690,pointing,../data/MIT_data/training/pointing,v088_0056.mp4,train,,
691,pointing,../data/MIT_data/training/pointing,v088_0096.mp4,train,,
692,pointing,../data/MIT_data/training/pointing,v088_0070.mp4,train,,
693,pointing,../data/MIT_data/training/pointing,v088_0072.mp4,train,,
694,pointing,../data/MIT_data/training/pointing,v088_0061.mp4,train,,
695,pointing,../data/MIT_data/training/pointing,v088_0000.mp4,train,,
696,brushing,../data/MIT_data/training/brushing,v117_0038.mp4,train,,
697,brushing,../data/MIT_data/training/brushing,v117_0039.mp4,train,,
698,brushing,../data/MIT_data/training/brushing,v117_0005.mp4,train,,
699,brushing,../data/MIT_data/training/brushing,v117_0028.mp4,train,,
700,brushing,../data/MIT_data/training/brushing,v117_0088.mp4,train,,
701,brushing,../data/MIT_data/training/brushing,v117_0090.mp4,train,,
702,brushing,../data/MIT_data/training/brushing,v117_0086.mp4,train,,
703,brushing,../data/MIT_data/training/brushing,v117_0068.mp4,train,,
704,starting,../data/MIT_data/training/starting,v069_0060.mp4,train,,
705,starting,../data/MIT_data/training/starting,v069_0048.mp4,train,,
706,starting,../data/MIT_data/training/starting,v069_0088.mp4,train,,
707,starting,../data/MIT_data/training/starting,v069_0047.mp4,train,,
708,starting,../data/MIT_data/training/starting,v069_0093.mp4,train,,
709,starting,../data/MIT_data/training/starting,v069_0051.mp4,train,,
710,starting,../data/MIT_data/training/starting,v069_0041.mp4,train,,
711,starting,../data/MIT_data/training/starting,v069_0068.mp4,train,,
712,hunting,../data/MIT_data/training/hunting,v188_0061.mp4,train,,
713,hunting,../data/MIT_data/training/hunting,v188_0074.mp4,train,,
714,hunting,../data/MIT_data/training/hunting,v188_0067.mp4,train,,
715,hunting,../data/MIT_data/training/hunting,v188_0099.mp4,train,,
716,hunting,../data/MIT_data/training/hunting,v188_0003.mp4,train,,
717,hunting,../data/MIT_data/training/hunting,v188_0019.mp4,train,,
718,hunting,../data/MIT_data/training/hunting,v188_0042.mp4,train,,
719,hunting,../data/MIT_data/training/hunting,v188_0055.mp4,train,,
720,playing,../data/MIT_data/training/playing,v100_0006.mp4,train,,
721,playing,../data/MIT_data/training/playing,v100_0089.mp4,train,,
722,playing,../data/MIT_data/training/playing,v100_0099.mp4,train,,
723,playing,../data/MIT_data/training/playing,v100_0066.mp4,train,,
724,playing,../data/MIT_data/training/playing,v100_0059.mp4,train,,
725,playing,../data/MIT_data/training/playing,v100_0057.mp4,train,,
726,playing,../data/MIT_data/training/playing,v100_0053.mp4,train,,
727,playing,../data/MIT_data/training/playing,v100_0045.mp4,train,,
728,typing,../data/MIT_data/training/typing,v338_0028.mp4,train,,
729,typing,../data/MIT_data/training/typing,v338_0064.mp4,train,,
730,typing,../data/MIT_data/training/typing,v338_0071.mp4,train,,
731,typing,../data/MIT_data/training/typing,v338_0088.mp4,train,,
732,typing,../data/MIT_data/training/typing,v338_0052.mp4,train,,
733,typing,../data/MIT_data/training/typing,v338_0082.mp4,train,,
734,typing,../data/MIT_data/training/typing,v338_0081.mp4,train,,
735,typing,../data/MIT_data/training/typing,v338_0021.mp4,train,,
736,bowing,../data/MIT_data/training/bowing,v263_0099.mp4,train,,
737,bowing,../data/MIT_data/training/bowing,v263_0028.mp4,train,,
738,bowing,../data/MIT_data/training/bowing,v263_0016.mp4,train,,
739,bowing,../data/MIT_data/training/bowing,v263_0027.mp4,train,,
740,bowing,../data/MIT_data/training/bowing,v263_0019.mp4,train,,
741,bowing,../data/MIT_data/training/bowing,v263_0025.mp4,train,,
742,bowing,../data/MIT_data/training/bowing,v263_0037.mp4,train,,
743,bowing,../data/MIT_data/training/bowing,v263_0081.mp4,train,,
744,joining,../data/MIT_data/training/joining,v103_0096.mp4,train,,
745,joining,../data/MIT_data/training/joining,v103_0011.mp4,train,,
746,joining,../data/MIT_data/training/joining,v103_0003.mp4,train,,
747,joining,../data/MIT_data/training/joining,v103_0067.mp4,train,,
748,joining,../data/MIT_data/training/joining,v103_0066.mp4,train,,
749,joining,../data/MIT_data/training/joining,v103_0072.mp4,train,,
750,joining,../data/MIT_data/training/joining,v103_0063.mp4,train,,
751,joining,../data/MIT_data/training/joining,v103_0060.mp4,train,,
752,dripping,../data/MIT_data/training/dripping,v140_0095.mp4,train,,
753,dripping,../data/MIT_data/training/dripping,v140_0019.mp4,train,,
754,dripping,../data/MIT_data/training/dripping,v140_0005.mp4,train,,
755,dripping,../data/MIT_data/training/dripping,v140_0007.mp4,train,,
756,dripping,../data/MIT_data/training/dripping,v140_0014.mp4,train,,
757,dripping,../data/MIT_data/training/dripping,v140_0058.mp4,train,,
758,dripping,../data/MIT_data/training/dripping,v140_0048.mp4,train,,
759,dripping,../data/MIT_data/training/dripping,v140_0063.mp4,train,,
760,stomping,../data/MIT_data/training/stomping,v258_0084.mp4,train,,
761,stomping,../data/MIT_data/training/stomping,v258_0046.mp4,train,,
762,stomping,../data/MIT_data/training/stomping,v258_0079.mp4,train,,
763,stomping,../data/MIT_data/training/stomping,v258_0024.mp4,train,,
764,stomping,../data/MIT_data/training/stomping,v258_0023.mp4,train,,
765,stomping,../data/MIT_data/training/stomping,v258_0034.mp4,train,,
766,stomping,../data/MIT_data/training/stomping,v258_0098.mp4,train,,
767,stomping,../data/MIT_data/training/stomping,v258_0088.mp4,train,,
768,scratching,../data/MIT_data/training/scratching,v062_0006.mp4,train,,
769,scratching,../data/MIT_data/training/scratching,v062_0039.mp4,train,,
770,scratching,../data/MIT_data/training/scratching,v062_0017.mp4,train,,
771,scratching,../data/MIT_data/training/scratching,v062_0045.mp4,train,,
772,scratching,../data/MIT_data/training/scratching,v062_0079.mp4,train,,
773,scratching,../data/MIT_data/training/scratching,v062_0081.mp4,train,,
774,scratching,../data/MIT_data/training/scratching,v062_0008.mp4,train,,
775,scratching,../data/MIT_data/training/scratching,v062_0022.mp4,train,,
776,howling,../data/MIT_data/training/howling,v321_0097.mp4,train,,
777,howling,../data/MIT_data/training/howling,v321_0082.mp4,train,,
778,howling,../data/MIT_data/training/howling,v321_0056.mp4,train,,
779,howling,../data/MIT_data/training/howling,v321_0092.mp4,train,,
780,howling,../data/MIT_data/training/howling,v321_0089.mp4,train,,
781,howling,../data/MIT_data/training/howling,v321_0076.mp4,train,,
782,howling,../data/MIT_data/training/howling,v321_0064.mp4,train,,
783,howling,../data/MIT_data/training/howling,v321_0005.mp4,train,,
784,aiming,../data/MIT_data/training/aiming,v035_0050.mp4,train,,
785,aiming,../data/MIT_data/training/aiming,v035_0085.mp4,train,,
786,aiming,../data/MIT_data/training/aiming,v035_0069.mp4,train,,
787,aiming,../data/MIT_data/training/aiming,v035_0005.mp4,train,,
788,aiming,../data/MIT_data/training/aiming,v035_0014.mp4,train,,
789,aiming,../data/MIT_data/training/aiming,v035_0028.mp4,train,,
790,aiming,../data/MIT_data/training/aiming,v035_0067.mp4,train,,
791,aiming,../data/MIT_data/training/aiming,v035_0088.mp4,train,,
792,smashing,../data/MIT_data/training/smashing,v111_0067.mp4,train,,
793,smashing,../data/MIT_data/training/smashing,v111_0073.mp4,train,,
794,smashing,../data/MIT_data/training/smashing,v111_0003.mp4,train,,
795,smashing,../data/MIT_data/training/smashing,v111_0021.mp4,train,,
796,smashing,../data/MIT_data/training/smashing,v111_0094.mp4,train,,
797,smashing,../data/MIT_data/training/smashing,v111_0056.mp4,train,,
798,smashing,../data/MIT_data/training/smashing,v111_0092.mp4,train,,
799,smashing,../data/MIT_data/training/smashing,v111_0078.mp4,train,,
800,bathing,../data/MIT_data/training/bathing,v104_0037.mp4,train,,
801,bathing,../data/MIT_data/training/bathing,v104_0031.mp4,train,,
802,bathing,../data/MIT_data/training/bathing,v104_0097.mp4,train,,
803,bathing,../data/MIT_data/training/bathing,v104_0079.mp4,train,,
804,bathing,../data/MIT_data/training/bathing,v104_0045.mp4,train,,
805,bathing,../data/MIT_data/training/bathing,v104_0044.mp4,train,,
806,bathing,../data/MIT_data/training/bathing,v104_0003.mp4,train,,
807,bathing,../data/MIT_data/training/bathing,v104_0011.mp4,train,,
808,vacuuming,../data/MIT_data/training/vacuuming,v087_0000.mp4,train,,
809,vacuuming,../data/MIT_data/training/vacuuming,v087_0014.mp4,train,,
810,vacuuming,../data/MIT_data/training/vacuuming,v087_0058.mp4,train,,
811,vacuuming,../data/MIT_data/training/vacuuming,v087_0062.mp4,train,,
812,vacuuming,../data/MIT_data/training/vacuuming,v087_0055.mp4,train,,
813,vacuuming,../data/MIT_data/training/vacuuming,v087_0069.mp4,train,,
814,vacuuming,../data/MIT_data/training/vacuuming,v087_0031.mp4,train,,
815,vacuuming,../data/MIT_data/training/vacuuming,v087_0019.mp4,train,,
816,overflowing,../data/MIT_data/training/overflowing,v228_0018.mp4,train,,
817,overflowing,../data/MIT_data/training/overflowing,v228_0026.mp4,train,,
818,overflowing,../data/MIT_data/training/overflowing,v228_0077.mp4,train,,
819,overflowing,../data/MIT_data/training/overflowing,v228_0064.mp4,train,,
820,overflowing,../data/MIT_data/training/overflowing,v228_0065.mp4,train,,
821,overflowing,../data/MIT_data/training/overflowing,v228_0002.mp4,train,,
822,overflowing,../data/MIT_data/training/overflowing,v228_0003.mp4,train,,
823,overflowing,../data/MIT_data/training/overflowing,v228_0004.mp4,train,,
824,feeding,../data/MIT_data/training/feeding,v153_0002.mp4,train,,
825,feeding,../data/MIT_data/training/feeding,v153_0038.mp4,train,,
826,feeding,../data/MIT_data/training/feeding,v153_0021.mp4,train,,
827,feeding,../data/MIT_data/training/feeding,v153_0022.mp4,train,,
828,feeding,../data/MIT_data/training/feeding,v153_0027.mp4,train,,
829,feeding,../data/MIT_data/training/feeding,v153_0081.mp4,train,,
830,feeding,../data/MIT_data/training/feeding,v153_0045.mp4,train,,
831,feeding,../data/MIT_data/training/feeding,v153_0050.mp4,train,,
832,crouching,../data/MIT_data/training/crouching,v036_0016.mp4,train,,
833,crouching,../data/MIT_data/training/crouching,v036_0007.mp4,train,,
834,crouching,../data/MIT_data/training/crouching,v036_0088.mp4,train,,
835,crouching,../data/MIT_data/training/crouching,v036_0093.mp4,train,,
836,crouching,../data/MIT_data/training/crouching,v036_0023.mp4,train,,
837,crouching,../data/MIT_data/training/crouching,v036_0021.mp4,train,,
838,crouching,../data/MIT_data/training/crouching,v036_0035.mp4,train,,
839,crouching,../data/MIT_data/training/crouching,v036_0009.mp4,train,,
840,submerging,../data/MIT_data/training/submerging,v017_0046.mp4,train,,
841,submerging,../data/MIT_data/training/submerging,v017_0091.mp4,train,,
842,submerging,../data/MIT_data/training/submerging,v017_0053.mp4,train,,
843,submerging,../data/MIT_data/training/submerging,v017_0086.mp4,train,,
844,submerging,../data/MIT_data/training/submerging,v017_0044.mp4,train,,
845,submerging,../data/MIT_data/training/submerging,v017_0025.mp4,train,,
846,submerging,../data/MIT_data/training/submerging,v017_0030.mp4,train,,
847,submerging,../data/MIT_data/training/submerging,v017_0062.mp4,train,,
848,shoveling,../data/MIT_data/training/shoveling,v025_0033.mp4,train,,
849,shoveling,../data/MIT_data/training/shoveling,v025_0032.mp4,train,,
850,shoveling,../data/MIT_data/training/shoveling,v025_0087.mp4,train,,
851,shoveling,../data/MIT_data/training/shoveling,v025_0042.mp4,train,,
852,shoveling,../data/MIT_data/training/shoveling,v025_0057.mp4,train,,
853,shoveling,../data/MIT_data/training/shoveling,v025_0040.mp4,train,,
854,shoveling,../data/MIT_data/training/shoveling,v025_0066.mp4,train,,
855,shoveling,../data/MIT_data/training/shoveling,v025_0073.mp4,train,,
856,laughing,../data/MIT_data/training/laughing,v214_0099.mp4,train,,
857,laughing,../data/MIT_data/training/laughing,v214_0063.mp4,train,,
858,laughing,../data/MIT_data/training/laughing,v214_0075.mp4,train,,
859,laughing,../data/MIT_data/training/laughing,v214_0000.mp4,train,,
860,laughing,../data/MIT_data/training/laughing,v214_0014.mp4,train,,
861,laughing,../data/MIT_data/training/laughing,v214_0017.mp4,train,,
862,laughing,../data/MIT_data/training/laughing,v214_0037.mp4,train,,
863,laughing,../data/MIT_data/training/laughing,v214_0085.mp4,train,,
864,painting,../data/MIT_data/training/painting,v233_0068.mp4,train,,
865,painting,../data/MIT_data/training/painting,v233_0083.mp4,train,,
866,painting,../data/MIT_data/training/painting,v233_0091.mp4,train,,
867,painting,../data/MIT_data/training/painting,v233_0035.mp4,train,,
868,painting,../data/MIT_data/training/painting,v233_0028.mp4,train,,
869,painting,../data/MIT_data/training/painting,v233_0011.mp4,train,,
870,painting,../data/MIT_data/training/painting,v233_0062.mp4,train,,
871,painting,../data/MIT_data/training/painting,v233_0099.mp4,train,,
872,grooming,../data/MIT_data/training/grooming,v261_0037.mp4,train,,
873,grooming,../data/MIT_data/training/grooming,v261_0022.mp4,train,,
874,grooming,../data/MIT_data/training/grooming,v261_0008.mp4,train,,
875,grooming,../data/MIT_data/training/grooming,v261_0097.mp4,train,,
876,grooming,../data/MIT_data/training/grooming,v261_0042.mp4,train,,
877,grooming,../data/MIT_data/training/grooming,v261_0084.mp4,train,,
878,grooming,../data/MIT_data/training/grooming,v261_0079.mp4,train,,
879,grooming,../data/MIT_data/training/grooming,v261_0075.mp4,train,,
880,fighting,../data/MIT_data/training/fighting,v229_0036.mp4,train,,
881,fighting,../data/MIT_data/training/fighting,v229_0018.mp4,train,,
882,fighting,../data/MIT_data/training/fighting,v229_0096.mp4,train,,
883,fighting,../data/MIT_data/training/fighting,v229_0095.mp4,train,,
884,fighting,../data/MIT_data/training/fighting,v229_0051.mp4,train,,
885,fighting,../data/MIT_data/training/fighting,v229_0001.mp4,train,,
886,fighting,../data/MIT_data/training/fighting,v229_0000.mp4,train,,
887,fighting,../data/MIT_data/training/fighting,v229_0028.mp4,train,,
888,rinsing,../data/MIT_data/training/rinsing,v109_0051.mp4,train,,
889,rinsing,../data/MIT_data/training/rinsing,v109_0081.mp4,train,,
890,rinsing,../data/MIT_data/training/rinsing,v109_0095.mp4,train,,
891,rinsing,../data/MIT_data/training/rinsing,v109_0042.mp4,train,,
892,rinsing,../data/MIT_data/training/rinsing,v109_0012.mp4,train,,
893,rinsing,../data/MIT_data/training/rinsing,v109_0015.mp4,train,,
894,rinsing,../data/MIT_data/training/rinsing,v109_0014.mp4,train,,
895,rinsing,../data/MIT_data/training/rinsing,v109_0060.mp4,train,,
896,punching,../data/MIT_data/training/punching,v235_0056.mp4,train,,
897,punching,../data/MIT_data/training/punching,v235_0076.mp4,train,,
898,punching,../data/MIT_data/training/punching,v235_0038.mp4,train,,
899,punching,../data/MIT_data/training/punching,v235_0004.mp4,train,,
900,punching,../data/MIT_data/training/punching,v235_0001.mp4,train,,
901,punching,../data/MIT_data/training/punching,v235_0000.mp4,train,,
902,punching,../data/MIT_data/training/punching,v235_0003.mp4,train,,
903,punching,../data/MIT_data/training/punching,v235_0017.mp4,train,,
904,playing+music,../data/MIT_data/training/playing+music,v122_0011.mp4,train,,
905,playing+music,../data/MIT_data/training/playing+music,v122_0016.mp4,train,,
906,playing+music,../data/MIT_data/training/playing+music,v122_0093.mp4,train,,
907,playing+music,../data/MIT_data/training/playing+music,v122_0053.mp4,train,,
908,playing+music,../data/MIT_data/training/playing+music,v122_0052.mp4,train,,
909,playing+music,../data/MIT_data/training/playing+music,v122_0031.mp4,train,,
910,playing+music,../data/MIT_data/training/playing+music,v122_0034.mp4,train,,
911,playing+music,../data/MIT_data/training/playing+music,v122_0022.mp4,train,,
912,fencing,../data/MIT_data/training/fencing,v285_0009.mp4,train,,
913,fencing,../data/MIT_data/training/fencing,v285_0035.mp4,train,,
914,fencing,../data/MIT_data/training/fencing,v285_0043.mp4,train,,
915,fencing,../data/MIT_data/training/fencing,v285_0084.mp4,train,,
916,fencing,../data/MIT_data/training/fencing,v285_0049.mp4,train,,
917,fencing,../data/MIT_data/training/fencing,v285_0089.mp4,train,,
918,fencing,../data/MIT_data/training/fencing,v285_0071.mp4,train,,
919,fencing,../data/MIT_data/training/fencing,v285_0039.mp4,train,,
920,teaching,../data/MIT_data/training/teaching,v126_0018.mp4,train,,
921,teaching,../data/MIT_data/training/teaching,v126_0090.mp4,train,,
922,teaching,../data/MIT_data/training/teaching,v126_0068.mp4,train,,
923,teaching,../data/MIT_data/training/teaching,v126_0080.mp4,train,,
924,teaching,../data/MIT_data/training/teaching,v126_0048.mp4,train,,
925,teaching,../data/MIT_data/training/teaching,v126_0060.mp4,train,,
926,teaching,../data/MIT_data/training/teaching,v126_0004.mp4,train,,
927,teaching,../data/MIT_data/training/teaching,v126_0015.mp4,train,,
928,dusting,../data/MIT_data/training/dusting,v291_0074.mp4,train,,
929,dusting,../data/MIT_data/training/dusting,v291_0072.mp4,train,,
930,dusting,../data/MIT_data/training/dusting,v291_0001.mp4,train,,
931,dusting,../data/MIT_data/training/dusting,v291_0002.mp4,train,,
932,dusting,../data/MIT_data/training/dusting,v291_0080.mp4,train,,
933,dusting,../data/MIT_data/training/dusting,v291_0079.mp4,train,,
934,dusting,../data/MIT_data/training/dusting,v291_0090.mp4,train,,
935,dusting,../data/MIT_data/training/dusting,v291_0053.mp4,train,,
936,hitchhiking,../data/MIT_data/training/hitchhiking,v060_0080.mp4,train,,
937,hitchhiking,../data/MIT_data/training/hitchhiking,v060_0084.mp4,train,,
938,hitchhiking,../data/MIT_data/training/hitchhiking,v060_0053.mp4,train,,
939,hitchhiking,../data/MIT_data/training/hitchhiking,v060_0020.mp4,train,,
940,hitchhiking,../data/MIT_data/training/hitchhiking,v060_0039.mp4,train,,
941,hitchhiking,../data/MIT_data/training/hitchhiking,v060_0049.mp4,train,,
942,hitchhiking,../data/MIT_data/training/hitchhiking,v060_0071.mp4,train,,
943,hitchhiking,../data/MIT_data/training/hitchhiking,v060_0064.mp4,train,,
944,drinking,../data/MIT_data/training/drinking,v007_0019.mp4,train,,
945,drinking,../data/MIT_data/training/drinking,v007_0033.mp4,train,,
946,drinking,../data/MIT_data/training/drinking,v007_0084.mp4,train,,
947,drinking,../data/MIT_data/training/drinking,v007_0047.mp4,train,,
948,drinking,../data/MIT_data/training/drinking,v007_0044.mp4,train,,
949,drinking,../data/MIT_data/training/drinking,v007_0048.mp4,train,,
950,drinking,../data/MIT_data/training/drinking,v007_0064.mp4,train,,
951,drinking,../data/MIT_data/training/drinking,v007_0002.mp4,train,,
952,telephoning,../data/MIT_data/training/telephoning,v242_0031.mp4,train,,
953,telephoning,../data/MIT_data/training/telephoning,v242_0021.mp4,train,,
954,telephoning,../data/MIT_data/training/telephoning,v242_0036.mp4,train,,
955,telephoning,../data/MIT_data/training/telephoning,v242_0093.mp4,train,,
956,telephoning,../data/MIT_data/training/telephoning,v242_0097.mp4,train,,
957,telephoning,../data/MIT_data/training/telephoning,v242_0013.mp4,train,,
958,telephoning,../data/MIT_data/training/telephoning,v242_0004.mp4,train,,
959,telephoning,../data/MIT_data/training/telephoning,v242_0014.mp4,train,,
960,climbing,../data/MIT_data/training/climbing,v182_0063.mp4,train,,
961,climbing,../data/MIT_data/training/climbing,v182_0073.mp4,train,,
962,climbing,../data/MIT_data/training/climbing,v182_0064.mp4,train,,
963,climbing,../data/MIT_data/training/climbing,v182_0003.mp4,train,,
964,climbing,../data/MIT_data/training/climbing,v182_0005.mp4,train,,
965,climbing,../data/MIT_data/training/climbing,v182_0041.mp4,train,,
966,climbing,../data/MIT_data/training/climbing,v182_0056.mp4,train,,
967,climbing,../data/MIT_data/training/climbing,v182_0095.mp4,train,,
968,swimming,../data/MIT_data/training/swimming,v286_0060.mp4,train,,
969,swimming,../data/MIT_data/training/swimming,v286_0049.mp4,train,,
970,swimming,../data/MIT_data/training/swimming,v286_0026.mp4,train,,
971,swimming,../data/MIT_data/training/swimming,v286_0022.mp4,train,,
972,swimming,../data/MIT_data/training/swimming,v286_0045.mp4,train,,
973,swimming,../data/MIT_data/training/swimming,v286_0046.mp4,train,,
974,swimming,../data/MIT_data/training/swimming,v286_0042.mp4,train,,
975,swimming,../data/MIT_data/training/swimming,v286_0096.mp4,train,,
976,erupting,../data/MIT_data/training/erupting,v320_0037.mp4,train,,
977,erupting,../data/MIT_data/training/erupting,v320_0035.mp4,train,,
978,erupting,../data/MIT_data/training/erupting,v320_0009.mp4,train,,
979,erupting,../data/MIT_data/training/erupting,v320_0031.mp4,train,,
980,erupting,../data/MIT_data/training/erupting,v320_0057.mp4,train,,
981,erupting,../data/MIT_data/training/erupting,v320_0046.mp4,train,,
982,erupting,../data/MIT_data/training/erupting,v320_0062.mp4,train,,
983,erupting,../data/MIT_data/training/erupting,v320_0016.mp4,train,,
984,chewing,../data/MIT_data/training/chewing,v259_0053.mp4,train,,
985,chewing,../data/MIT_data/training/chewing,v259_0084.mp4,train,,
986,chewing,../data/MIT_data/training/chewing,v259_0095.mp4,train,,
987,chewing,../data/MIT_data/training/chewing,v259_0032.mp4,train,,
988,chewing,../data/MIT_data/training/chewing,v259_0022.mp4,train,,
989,chewing,../data/MIT_data/training/chewing,v259_0028.mp4,train,,
990,chewing,../data/MIT_data/training/chewing,v259_0060.mp4,train,,
991,chewing,../data/MIT_data/training/chewing,v259_0048.mp4,train,,
992,fueling,../data/MIT_data/training/fueling,v266_0078.mp4,train,,
993,fueling,../data/MIT_data/training/fueling,v266_0083.mp4,train,,
994,fueling,../data/MIT_data/training/fueling,v266_0096.mp4,train,,
995,fueling,../data/MIT_data/training/fueling,v266_0024.mp4,train,,
996,fueling,../data/MIT_data/training/fueling,v266_0008.mp4,train,,
997,fueling,../data/MIT_data/training/fueling,v266_0017.mp4,train,,
998,fueling,../data/MIT_data/training/fueling,v266_0014.mp4,train,,
999,fueling,../data/MIT_data/training/fueling,v266_0000.mp4,train,,
1000,autographing,../data/MIT_data/training/autographing,v267_0086.mp4,train,,
1001,autographing,../data/MIT_data/training/autographing,v267_0044.mp4,train,,
1002,autographing,../data/MIT_data/training/autographing,v267_0083.mp4,train,,
1003,autographing,../data/MIT_data/training/autographing,v267_0031.mp4,train,,
1004,autographing,../data/MIT_data/training/autographing,v267_0026.mp4,train,,
1005,autographing,../data/MIT_data/training/autographing,v267_0066.mp4,train,,
1006,autographing,../data/MIT_data/training/autographing,v267_0064.mp4,train,,
1007,autographing,../data/MIT_data/training/autographing,v267_0059.mp4,train,,
1008,tuning,../data/MIT_data/training/tuning,v019_0076.mp4,train,,
1009,tuning,../data/MIT_data/training/tuning,v019_0099.mp4,train,,
1010,tuning,../data/MIT_data/training/tuning,v019_0010.mp4,train,,
1011,tuning,../data/MIT_data/training/tuning,v019_0022.mp4,train,,
1012,tuning,../data/MIT_data/training/tuning,v019_0035.mp4,train,,
1013,tuning,../data/MIT_data/training/tuning,v019_0030.mp4,train,,
1014,tuning,../data/MIT_data/training/tuning,v019_0043.mp4,train,,
1015,tuning,../data/MIT_data/training/tuning,v019_0045.mp4,train,,
1016,slapping,../data/MIT_data/training/slapping,v008_0028.mp4,train,,
1017,slapping,../data/MIT_data/training/slapping,v008_0005.mp4,train,,
1018,slapping,../data/MIT_data/training/slapping,v008_0012.mp4,train,,
1019,slapping,../data/MIT_data/training/slapping,v008_0065.mp4,train,,
1020,slapping,../data/MIT_data/training/slapping,v008_0068.mp4,train,,
1021,slapping,../data/MIT_data/training/slapping,v008_0046.mp4,train,,
1022,slapping,../data/MIT_data/training/slapping,v008_0024.mp4,train,,
1023,slapping,../data/MIT_data/training/slapping,v008_0026.mp4,train,,
1024,wrapping,../data/MIT_data/training/wrapping,v172_0026.mp4,train,,
1025,wrapping,../data/MIT_data/training/wrapping,v172_0057.mp4,train,,
1026,wrapping,../data/MIT_data/training/wrapping,v172_0087.mp4,train,,
1027,wrapping,../data/MIT_data/training/wrapping,v172_0051.mp4,train,,
1028,wrapping,../data/MIT_data/training/wrapping,v172_0047.mp4,train,,
1029,wrapping,../data/MIT_data/training/wrapping,v172_0084.mp4,train,,
1030,wrapping,../data/MIT_data/training/wrapping,v172_0091.mp4,train,,
1031,wrapping,../data/MIT_data/training/wrapping,v172_0058.mp4,train,,
1032,standing,../data/MIT_data/training/standing,v157_0093.mp4,train,,
1033,standing,../data/MIT_data/training/standing,v157_0020.mp4,train,,
1034,standing,../data/MIT_data/training/standing,v157_0021.mp4,train,,
1035,standing,../data/MIT_data/training/standing,v157_0025.mp4,train,,
1036,standing,../data/MIT_data/training/standing,v157_0030.mp4,train,,
1037,standing,../data/MIT_data/training/standing,v157_0038.mp4,train,,
1038,standing,../data/MIT_data/training/standing,v157_0010.mp4,train,,
1039,standing,../data/MIT_data/training/standing,v157_0076.mp4,train,,
1040,gardening,../data/MIT_data/training/gardening,v135_0016.mp4,train,,
1041,gardening,../data/MIT_data/training/gardening,v135_0059.mp4,train,,
1042,gardening,../data/MIT_data/training/gardening,v135_0064.mp4,train,,
1043,gardening,../data/MIT_data/training/gardening,v135_0098.mp4,train,,
1044,gardening,../data/MIT_data/training/gardening,v135_0054.mp4,train,,
1045,gardening,../data/MIT_data/training/gardening,v135_0045.mp4,train,,
1046,gardening,../data/MIT_data/training/gardening,v135_0092.mp4,train,,
1047,gardening,../data/MIT_data/training/gardening,v135_0026.mp4,train,,
1048,watering,../data/MIT_data/training/watering,v121_0086.mp4,train,,
1049,watering,../data/MIT_data/training/watering,v121_0019.mp4,train,,
1050,watering,../data/MIT_data/training/watering,v121_0033.mp4,train,,
1051,watering,../data/MIT_data/training/watering,v121_0014.mp4,train,,
1052,watering,../data/MIT_data/training/watering,v121_0061.mp4,train,,
1053,watering,../data/MIT_data/training/watering,v121_0076.mp4,train,,
1054,watering,../data/MIT_data/training/watering,v121_0072.mp4,train,,
1055,watering,../data/MIT_data/training/watering,v121_0073.mp4,train,,
1056,sitting,../data/MIT_data/training/sitting,v106_0073.mp4,train,,
1057,sitting,../data/MIT_data/training/sitting,v106_0076.mp4,train,,
1058,sitting,../data/MIT_data/training/sitting,v106_0088.mp4,train,,
1059,sitting,../data/MIT_data/training/sitting,v106_0039.mp4,train,,
1060,sitting,../data/MIT_data/training/sitting,v106_0007.mp4,train,,
1061,sitting,../data/MIT_data/training/sitting,v106_0000.mp4,train,,
1062,sitting,../data/MIT_data/training/sitting,v106_0085.mp4,train,,
1063,sitting,../data/MIT_data/training/sitting,v106_0040.mp4,train,,
1064,sewing,../data/MIT_data/training/sewing,v046_0006.mp4,train,,
1065,sewing,../data/MIT_data/training/sewing,v046_0014.mp4,train,,
1066,sewing,../data/MIT_data/training/sewing,v046_0020.mp4,train,,
1067,sewing,../data/MIT_data/training/sewing,v046_0086.mp4,train,,
1068,sewing,../data/MIT_data/training/sewing,v046_0045.mp4,train,,
1069,sewing,../data/MIT_data/training/sewing,v046_0079.mp4,train,,
1070,sewing,../data/MIT_data/training/sewing,v046_0078.mp4,train,,
1071,sewing,../data/MIT_data/training/sewing,v046_0093.mp4,train,,
1072,diving,../data/MIT_data/training/diving,v090_0001.mp4,train,,
1073,diving,../data/MIT_data/training/diving,v090_0004.mp4,train,,
1074,diving,../data/MIT_data/training/diving,v090_0088.mp4,train,,
1075,diving,../data/MIT_data/training/diving,v090_0063.mp4,train,,
1076,diving,../data/MIT_data/training/diving,v090_0065.mp4,train,,
1077,diving,../data/MIT_data/training/diving,v090_0056.mp4,train,,
1078,diving,../data/MIT_data/training/diving,v090_0037.mp4,train,,
1079,diving,../data/MIT_data/training/diving,v090_0018.mp4,train,,
1080,screwing,../data/MIT_data/training/screwing,v058_0053.mp4,train,,
1081,screwing,../data/MIT_data/training/screwing,v058_0044.mp4,train,,
1082,screwing,../data/MIT_data/training/screwing,v058_0097.mp4,train,,
1083,screwing,../data/MIT_data/training/screwing,v058_0081.mp4,train,,
1084,screwing,../data/MIT_data/training/screwing,v058_0066.mp4,train,,
1085,screwing,../data/MIT_data/training/screwing,v058_0058.mp4,train,,
1086,screwing,../data/MIT_data/training/screwing,v058_0011.mp4,train,,
1087,screwing,../data/MIT_data/training/screwing,v058_0001.mp4,train,,
1088,adult+female+speaking,../data/MIT_data/training/adult+female+speaking,v169_0042.mp4,train,,
1089,adult+female+speaking,../data/MIT_data/training/adult+female+speaking,v169_0057.mp4,train,,
1090,adult+female+speaking,../data/MIT_data/training/adult+female+speaking,v169_0078.mp4,train,,
1091,adult+female+speaking,../data/MIT_data/training/adult+female+speaking,v169_0035.mp4,train,,
1092,adult+female+speaking,../data/MIT_data/training/adult+female+speaking,v169_0034.mp4,train,,
1093,adult+female+speaking,../data/MIT_data/training/adult+female+speaking,v169_0030.mp4,train,,
1094,adult+female+speaking,../data/MIT_data/training/adult+female+speaking,v169_0088.mp4,train,,
1095,adult+female+speaking,../data/MIT_data/training/adult+female+speaking,v169_0073.mp4,train,,
1096,destroying,../data/MIT_data/training/destroying,v022_0037.mp4,train,,
1097,destroying,../data/MIT_data/training/destroying,v022_0018.mp4,train,,
1098,destroying,../data/MIT_data/training/destroying,v022_0001.mp4,train,,
1099,destroying,../data/MIT_data/training/destroying,v022_0029.mp4,train,,
1100,destroying,../data/MIT_data/training/destroying,v022_0011.mp4,train,,
1101,destroying,../data/MIT_data/training/destroying,v022_0010.mp4,train,,
1102,destroying,../data/MIT_data/training/destroying,v022_0077.mp4,train,,
1103,destroying,../data/MIT_data/training/destroying,v022_0089.mp4,train,,
1104,clearing,../data/MIT_data/training/clearing,v189_0073.mp4,train,,
1105,clearing,../data/MIT_data/training/clearing,v189_0016.mp4,train,,
1106,clearing,../data/MIT_data/training/clearing,v189_0009.mp4,train,,
1107,clearing,../data/MIT_data/training/clearing,v189_0036.mp4,train,,
1108,clearing,../data/MIT_data/training/clearing,v189_0026.mp4,train,,
1109,clearing,../data/MIT_data/training/clearing,v189_0024.mp4,train,,
1110,clearing,../data/MIT_data/training/clearing,v189_0081.mp4,train,,
1111,clearing,../data/MIT_data/training/clearing,v189_0053.mp4,train,,
1112,squinting,../data/MIT_data/training/squinting,v306_0006.mp4,train,,
1113,squinting,../data/MIT_data/training/squinting,v306_0073.mp4,train,,
1114,squinting,../data/MIT_data/training/squinting,v306_0050.mp4,train,,
1115,squinting,../data/MIT_data/training/squinting,v306_0083.mp4,train,,
1116,squinting,../data/MIT_data/training/squinting,v306_0097.mp4,train,,
1117,squinting,../data/MIT_data/training/squinting,v306_0056.mp4,train,,
1118,squinting,../data/MIT_data/training/squinting,v306_0033.mp4,train,,
1119,squinting,../data/MIT_data/training/squinting,v306_0023.mp4,train,,
1120,smelling,../data/MIT_data/training/smelling,v227_0073.mp4,train,,
1121,smelling,../data/MIT_data/training/smelling,v227_0097.mp4,train,,
1122,smelling,../data/MIT_data/training/smelling,v227_0096.mp4,train,,
1123,smelling,../data/MIT_data/training/smelling,v227_0084.mp4,train,,
1124,smelling,../data/MIT_data/training/smelling,v227_0078.mp4,train,,
1125,smelling,../data/MIT_data/training/smelling,v227_0050.mp4,train,,
1126,smelling,../data/MIT_data/training/smelling,v227_0024.mp4,train,,
1127,smelling,../data/MIT_data/training/smelling,v227_0033.mp4,train,,
1128,lifting,../data/MIT_data/training/lifting,v298_0079.mp4,train,,
1129,lifting,../data/MIT_data/training/lifting,v298_0086.mp4,train,,
1130,lifting,../data/MIT_data/training/lifting,v298_0091.mp4,train,,
1131,lifting,../data/MIT_data/training/lifting,v298_0085.mp4,train,,
1132,lifting,../data/MIT_data/training/lifting,v298_0068.mp4,train,,
1133,lifting,../data/MIT_data/training/lifting,v298_0088.mp4,train,,
1134,lifting,../data/MIT_data/training/lifting,v298_0077.mp4,train,,
1135,lifting,../data/MIT_data/training/lifting,v298_0015.mp4,train,,
1136,punting,../data/MIT_data/training/punting,v120_0055.mp4,train,,
1137,punting,../data/MIT_data/training/punting,v120_0091.mp4,train,,
1138,punting,../data/MIT_data/training/punting,v120_0020.mp4,train,,
1139,punting,../data/MIT_data/training/punting,v120_0030.mp4,train,,
1140,punting,../data/MIT_data/training/punting,v120_0019.mp4,train,,
1141,punting,../data/MIT_data/training/punting,v120_0006.mp4,train,,
1142,punting,../data/MIT_data/training/punting,v120_0088.mp4,train,,
1143,punting,../data/MIT_data/training/punting,v120_0059.mp4,train,,
1144,bulldozing,../data/MIT_data/training/bulldozing,v131_0037.mp4,train,,
1145,bulldozing,../data/MIT_data/training/bulldozing,v131_0034.mp4,train,,
1146,bulldozing,../data/MIT_data/training/bulldozing,v131_0030.mp4,train,,
1147,bulldozing,../data/MIT_data/training/bulldozing,v131_0027.mp4,train,,
1148,bulldozing,../data/MIT_data/training/bulldozing,v131_0056.mp4,train,,
1149,bulldozing,../data/MIT_data/training/bulldozing,v131_0080.mp4,train,,
1150,bulldozing,../data/MIT_data/training/bulldozing,v131_0057.mp4,train,,
1151,bulldozing,../data/MIT_data/training/bulldozing,v131_0072.mp4,train,,
1152,preaching,../data/MIT_data/training/preaching,v011_0023.mp4,train,,
1153,preaching,../data/MIT_data/training/preaching,v011_0084.mp4,train,,
1154,preaching,../data/MIT_data/training/preaching,v011_0092.mp4,train,,
1155,preaching,../data/MIT_data/training/preaching,v011_0040.mp4,train,,
1156,preaching,../data/MIT_data/training/preaching,v011_0096.mp4,train,,
1157,preaching,../data/MIT_data/training/preaching,v011_0041.mp4,train,,
1158,preaching,../data/MIT_data/training/preaching,v011_0094.mp4,train,,
1159,preaching,../data/MIT_data/training/preaching,v011_0010.mp4,train,,
1160,descending,../data/MIT_data/training/descending,v222_0020.mp4,train,,
1161,descending,../data/MIT_data/training/descending,v222_0026.mp4,train,,
1162,descending,../data/MIT_data/training/descending,v222_0057.mp4,train,,
1163,descending,../data/MIT_data/training/descending,v222_0044.mp4,train,,
1164,descending,../data/MIT_data/training/descending,v222_0049.mp4,train,,
1165,descending,../data/MIT_data/training/descending,v222_0060.mp4,train,,
1166,descending,../data/MIT_data/training/descending,v222_0059.mp4,train,,
1167,descending,../data/MIT_data/training/descending,v222_0014.mp4,train,,
1168,crashing,../data/MIT_data/training/crashing,v082_0068.mp4,train,,
1169,crashing,../data/MIT_data/training/crashing,v082_0069.mp4,train,,
1170,crashing,../data/MIT_data/training/crashing,v082_0082.mp4,train,,
1171,crashing,../data/MIT_data/training/crashing,v082_0081.mp4,train,,
1172,crashing,../data/MIT_data/training/crashing,v082_0013.mp4,train,,
1173,crashing,../data/MIT_data/training/crashing,v082_0012.mp4,train,,
1174,crashing,../data/MIT_data/training/crashing,v082_0002.mp4,train,,
1175,crashing,../data/MIT_data/training/crashing,v082_0017.mp4,train,,
1176,removing,../data/MIT_data/training/removing,v123_0006.mp4,train,,
1177,removing,../data/MIT_data/training/removing,v123_0015.mp4,train,,
1178,removing,../data/MIT_data/training/removing,v123_0072.mp4,train,,
1179,removing,../data/MIT_data/training/removing,v123_0076.mp4,train,,
1180,removing,../data/MIT_data/training/removing,v123_0078.mp4,train,,
1181,removing,../data/MIT_data/training/removing,v123_0053.mp4,train,,
1182,removing,../data/MIT_data/training/removing,v123_0032.mp4,train,,
1183,removing,../data/MIT_data/training/removing,v123_0020.mp4,train,,
1184,mopping,../data/MIT_data/training/mopping,v145_0005.mp4,train,,
1185,mopping,../data/MIT_data/training/mopping,v145_0016.mp4,train,,
1186,mopping,../data/MIT_data/training/mopping,v145_0023.mp4,train,,
1187,mopping,../data/MIT_data/training/mopping,v145_0085.mp4,train,,
1188,mopping,../data/MIT_data/training/mopping,v145_0080.mp4,train,,
1189,mopping,../data/MIT_data/training/mopping,v145_0083.mp4,train,,
1190,mopping,../data/MIT_data/training/mopping,v145_0082.mp4,train,,
1191,mopping,../data/MIT_data/training/mopping,v145_0055.mp4,train,,
1192,marrying,../data/MIT_data/training/marrying,v212_0063.mp4,train,,
1193,marrying,../data/MIT_data/training/marrying,v212_0049.mp4,train,,
1194,marrying,../data/MIT_data/training/marrying,v212_0066.mp4,train,,
1195,marrying,../data/MIT_data/training/marrying,v212_0056.mp4,train,,
1196,marrying,../data/MIT_data/training/marrying,v212_0051.mp4,train,,
1197,marrying,../data/MIT_data/training/marrying,v212_0009.mp4,train,,
1198,marrying,../data/MIT_data/training/marrying,v212_0020.mp4,train,,
1199,marrying,../data/MIT_data/training/marrying,v212_0030.mp4,train,,
